scope,function,location,operation,dated,attr_type
cls,header_adcid,file.info.resolved.adcid,update,FALSE,int
cls,header_formver,file.info.resolved.formver,update,FALSE,float
cls,header_visitdate,file.info.resolved.visitdate,update,FALSE,str
cls,uds_to_cls_visitdate,file.info.resolved.uds_visitdate,update,FALSE,str
cls,cls_naccvnum,file.info.derived.naccvnum,update,FALSE,str
covid,header_adcid,file.info.resolved.adcid,update,FALSE,int
covid,header_formver,file.info.resolved.formver,update,FALSE,float
covid,header_visitdate,file.info.resolved.visitdate,update,FALSE,str
covid,uds_to_covid_visitdate,file.info.resolved.uds_visitdate,update,FALSE,str
covid,covid_naccvnum,file.info.derived.naccvnum,update,FALSE,str
covid,c19t1yr,file.info.resolved.c19t1yr,update,FALSE,int
covid,c19t2yr,file.info.resolved.c19t2yr,update,FALSE,int
covid,c19t3yr,file.info.resolved.c19t3yr,update,FALSE,int
csf,header_adcid,file.info.resolved.adcid,update,FALSE,int
csf,header_formver,file.info.resolved.formver,update,FALSE,float
csf,header_visitdate,file.info.resolved.visitdate,update,FALSE,str
csf,csflpdate,file.info.resolved.csflpdate,update,FALSE,str
csf,csfabeta,file.info.resolved.csfabeta,update,FALSE,float
csf,csfptau,file.info.resolved.csfptau,update,FALSE,float
csf,csfttau,file.info.resolved.csfttau,update,FALSE,float
ftld,header_adcid,file.info.resolved.adcid,update,FALSE,int
ftld,header_formver,file.info.resolved.formver,update,FALSE,float
ftld,header_visitdate,file.info.resolved.visitdate,update,FALSE,str
ftld,ftdratio,file.info.resolved.ftdratio,update,FALSE,float
ftld,ftdlengt,file.info.resolved.ftdlengt,update,FALSE,int
ftld,ftdinfyr,file.info.resolved.ftdinfyr,update,FALSE,int
lbd,header_adcid,file.info.resolved.adcid,update,FALSE,int
lbd,header_formver,file.info.resolved.formver,update,FALSE,float
lbd,header_visitdate,file.info.resolved.visitdate,update,FALSE,str
lbd,lbspsym,file.info.resolved.lbspsym,update,FALSE,int
lbd,lbpsyage,file.info.resolved.lbpsyage,update,FALSE,int
lbd,lbsagerm,file.info.resolved.lbsagerm,update,FALSE,int
lbd,lbsagesm,file.info.resolved.lbsagesm,update,FALSE,int
lbd,lbsagegt,file.info.resolved.lbsagegt,update,FALSE,int
lbd,lbsagefl,file.info.resolved.lbsagefl,update,FALSE,int
lbd,lbsagetr,file.info.resolved.lbsagetr,update,FALSE,int
lbd,lbsagebr,file.info.resolved.lbsagebr,update,FALSE,int
lbd,lbdage,file.info.resolved.lbdage,update,FALSE,int
lbd,lbdage2,file.info.resolved.lbdage2,update,FALSE,int
lbd,lbdelage,file.info.resolved.lbdelage,update,FALSE,int
lbd,lbhalage,file.info.resolved.lbhalage,update,FALSE,int
lbd,lbanxage,file.info.resolved.lbanxage,update,FALSE,int
lbd,lbapaage,file.info.resolved.lbapaage,update,FALSE,int
lbd,sccofrst,file.info.resolved.sccofrst,update,FALSE,int
lbd,sccoagen,file.info.resolved.sccoagen,update,FALSE,int
lbd,sccoaged,file.info.resolved.sccoaged,update,FALSE,int
mds,header_adcid,file.info.resolved.adcid,update,FALSE,int
mds,header_formver,file.info.resolved.formver,update,FALSE,float
mds,header_visitdate,file.info.resolved.visitdate,update,FALSE,str
mds,mds_multbrth,file.info.resolved.multbrth,update,FALSE,int
mlst,header_adcid,file.info.resolved.adcid,update,FALSE,int
mlst,header_formver,file.info.resolved.formver,update,FALSE,float
mlst,header_visitdate,file.info.resolved.visitdate,update,FALSE,str
mlst,protocol,file.info.resolved.protocol,update,false,int
mlst,udsactiv,file.info.resolved.udsactiv,update,false,int
np,np_adcid,file.info.resolved.adcid,update,FALSE,int
np,np_formver,file.info.resolved.formver,update,FALSE,float
np,np_visitdate,file.info.resolved.visitdate,update,FALSE,str
np,nppmih,file.info.resolved.nppmih,update,FALSE,float
np,npinf1a,file.info.resolved.npinf1a,update,FALSE,int
np,npinf1b,file.info.resolved.npinf1b,update,FALSE,float
np,npinf1d,file.info.resolved.npinf1d,update,FALSE,float
np,npinf1f,file.info.resolved.npinf1f,update,FALSE,float
np,npinf2a,file.info.resolved.npinf2a,update,FALSE,int
np,npinf2b,file.info.resolved.npinf2b,update,FALSE,float
np,npinf2d,file.info.resolved.npinf2d,update,FALSE,float
np,npinf2f,file.info.resolved.npinf2f,update,FALSE,float
np,npinf3a,file.info.resolved.npinf3a,update,FALSE,int
np,npinf3b,file.info.resolved.npinf3b,update,FALSE,float
np,npinf3d,file.info.resolved.npinf3d,update,FALSE,float
np,npinf3f,file.info.resolved.npinf3f,update,FALSE,float
np,npinf4a,file.info.resolved.npinf4a,update,FALSE,int
np,npinf4b,file.info.resolved.npinf4b,update,FALSE,float
np,npinf4d,file.info.resolved.npinf4d,update,FALSE,float
np,npinf4f,file.info.resolved.npinf4f,update,FALSE,float
np,nphemo1,file.info.resolved.nphemo1,update,FALSE,int
np,nphemo2,file.info.resolved.nphemo2,update,FALSE,int
np,nphemo3,file.info.resolved.nphemo3,update,FALSE,int
np,npold1,file.info.resolved.npold1,update,FALSE,int
np,npold2,file.info.resolved.npold2,update,FALSE,int
np,npold3,file.info.resolved.npold3,update,FALSE,int
np,npold4,file.info.resolved.npold4,update,FALSE,int
np,npoldd1,file.info.resolved.npoldd1,update,FALSE,int
np,npoldd2,file.info.resolved.npoldd2,update,FALSE,int
np,npoldd3,file.info.resolved.npoldd3,update,FALSE,int
np,npoldd4,file.info.resolved.npoldd4,update,FALSE,int
np,nppath2,file.info.resolved.nppath2,update,FALSE,int
np,nppath3,file.info.resolved.nppath3,update,FALSE,int
np,nppath4,file.info.resolved.nppath4,update,FALSE,int
np,nppath5,file.info.resolved.nppath5,update,FALSE,int
np,nppath6,file.info.resolved.nppath6,update,FALSE,int
np,nppath7,file.info.resolved.nppath7,update,FALSE,int
np,nppath8,file.info.resolved.nppath8,update,FALSE,int
np,nppath9,file.info.resolved.nppath9,update,FALSE,int
np,nppath10,file.info.resolved.nppath10,update,FALSE,int
np,nppath11,file.info.resolved.nppath11,update,FALSE,int
np,nppatho,file.info.resolved.nppatho,update,FALSE,int
np,nppathox,file.info.resolved.nppathox,update,FALSE,str
np,npftdt2,file.info.resolved.npftdt2,update,FALSE,int
np,npftdt5,file.info.resolved.npftdt5,update,FALSE,int
np,npftdt6,file.info.resolved.npftdt6,update,FALSE,int
np,npftdt7,file.info.resolved.npftdt7,update,FALSE,int
np,npftdt8,file.info.resolved.npftdt8,update,FALSE,int
np,npftdt9,file.info.resolved.npftdt9,update,FALSE,int
np,npftdt10,file.info.resolved.npftdt10,update,FALSE,int
np,npoftd1,file.info.resolved.npoftd1,update,FALSE,int
np,npoftd2,file.info.resolved.npoftd2,update,FALSE,int
np,npoftd3,file.info.resolved.npoftd3,update,FALSE,int
np,npoftd4,file.info.resolved.npoftd4,update,FALSE,int
np,npoftd5,file.info.resolved.npoftd5,update,FALSE,int
np,nplewycs,file.info.resolved.nplewycs,update,FALSE,int
np,nppnorm,file.info.resolved.nppnorm,update,FALSE,int
np,npcad,file.info.resolved.npcad,update,FALSE,int
uds,header_adcid,file.info.resolved.adcid,update,FALSE,int
uds,header_formver,file.info.resolved.formver,update,FALSE,float
uds,header_visitdate,file.info.resolved.visitdate,update,FALSE,str
uds,birthmo,file.info.resolved.birthmo,update,FALSE,int
uds,birthyr,file.info.resolved.birthyr,update,FALSE,int
uds,chldhdctry,file.info.resolved.chldhdctry,update,FALSE,str
uds,sex,file.info.resolved.sex,update,FALSE,int
uds,birthsex,file.info.resolved.birthsex,update,FALSE,int
uds,intersex,file.info.resolved.intersex,update,FALSE,int
uds,hispanic,file.info.resolved.hispanic,update,FALSE,int
uds,ethispanic,file.info.resolved.ethispanic,update,FALSE,int
uds,raceunkn,file.info.resolved.raceunkn,update,FALSE,int
uds,hispor,file.info.resolved.hispor,update,FALSE,int
uds,hisporx,file.info.resolved.hisporx,update,FALSE,str
uds,race,file.info.resolved.race,update,FALSE,int
uds,racex,file.info.resolved.racex,update,FALSE,str
uds,racesec,file.info.resolved.racesec,update,FALSE,int
uds,racesecx,file.info.resolved.racesecx,update,FALSE,str
uds,raceter,file.info.resolved.raceter,update,FALSE,int
uds,raceterx,file.info.resolved.raceterx,update,FALSE,str
uds,primlang,file.info.resolved.primlang,update,FALSE,int
uds,primlanx,file.info.resolved.primlanx,update,FALSE,str
uds,predomlan,file.info.resolved.predomlan,update,FALSE,int
uds,predomlanx,file.info.resolved.predomlanx,update,FALSE,str
uds,educ,file.info.resolved.educ,update,FALSE,int
uds,lvleduc,file.info.resolved.lvleduc,update,FALSE,int
uds,served,file.info.resolved.served,update,FALSE,int
uds,source,file.info.resolved.source,update,FALSE,int
uds,sourcenw,file.info.resolved.sourcenw,update,FALSE,int
uds,maristat,file.info.resolved.maristat,update,FALSE,int
uds,residenc,file.info.resolved.residenc,update,FALSE,int
uds,zip,file.info.resolved.zip,update,FALSE,str
uds,handed,file.info.resolved.handed,update,FALSE,int
uds,raceaian,file.info.resolved.raceaian,update,FALSE,int
uds,raceaianx,file.info.resolved.raceaianx,update,FALSE,str
uds,raceasian,file.info.resolved.raceasian,update,FALSE,int
uds,ethchinese,file.info.resolved.ethchinese,update,FALSE,int
uds,ethindia,file.info.resolved.ethindia,update,FALSE,int
uds,ethfilip,file.info.resolved.ethfilip,update,FALSE,int
uds,ethvietnam,file.info.resolved.ethvietnam,update,FALSE,int
uds,ethkorean,file.info.resolved.ethkorean,update,FALSE,int
uds,ethjapan,file.info.resolved.ethjapan,update,FALSE,int
uds,ethasnoth,file.info.resolved.ethasnoth,update,FALSE,int
uds,ethasnothx,file.info.resolved.ethasnothx,update,FALSE,str
uds,raceblack,file.info.resolved.raceblack,update,FALSE,int
uds,ethafamer,file.info.resolved.ethafamer,update,FALSE,int
uds,ethjamaica,file.info.resolved.ethjamaica,update,FALSE,int
uds,ethhaitian,file.info.resolved.ethhaitian,update,FALSE,int
uds,ethnigeria,file.info.resolved.ethnigeria,update,FALSE,int
uds,ethethiop,file.info.resolved.ethethiop,update,FALSE,int
uds,ethsomali,file.info.resolved.ethsomali,update,FALSE,int
uds,ethblkoth,file.info.resolved.ethblkoth,update,FALSE,int
uds,ethblkothx,file.info.resolved.ethblkothx,update,FALSE,str
uds,ethmexican,file.info.resolved.ethmexican,update,FALSE,int
uds,ethpuerto,file.info.resolved.ethpuerto,update,FALSE,int
uds,ethsalva,file.info.resolved.ethsalva,update,FALSE,int
uds,ethcuban,file.info.resolved.ethcuban,update,FALSE,int
uds,ethdomin,file.info.resolved.ethdomin,update,FALSE,int
uds,ethguatem,file.info.resolved.ethguatem,update,FALSE,int
uds,ethhisoth,file.info.resolved.ethhisoth,update,FALSE,int
uds,ethhisothx,file.info.resolved.ethhisothx,update,FALSE,str
uds,racemena,file.info.resolved.racemena,update,FALSE,int
uds,ethlebanon,file.info.resolved.ethlebanon,update,FALSE,int
uds,ethiran,file.info.resolved.ethiran,update,FALSE,int
uds,ethegypt,file.info.resolved.ethegypt,update,FALSE,int
uds,ethsyria,file.info.resolved.ethsyria,update,FALSE,int
uds,ethiraqi,file.info.resolved.ethiraqi,update,FALSE,int
uds,ethisrael,file.info.resolved.ethisrael,update,FALSE,int
uds,ethmenaoth,file.info.resolved.ethmenaoth,update,FALSE,int
uds,ethmenaotx,file.info.resolved.ethmenaotx,update,FALSE,str
uds,racenhpi,file.info.resolved.racenhpi,update,FALSE,int
uds,ethhawaii,file.info.resolved.ethhawaii,update,FALSE,int
uds,ethsamoan,file.info.resolved.ethsamoan,update,FALSE,int
uds,ethchamor,file.info.resolved.ethchamor,update,FALSE,int
uds,ethtongan,file.info.resolved.ethtongan,update,FALSE,int
uds,ethfijian,file.info.resolved.ethfijian,update,FALSE,int
uds,ethmarshal,file.info.resolved.ethmarshal,update,FALSE,int
uds,ethnhpioth,file.info.resolved.ethnhpioth,update,FALSE,int
uds,ethnhpiotx,file.info.resolved.ethnhpiotx,update,FALSE,str
uds,racewhite,file.info.resolved.racewhite,update,FALSE,int
uds,ethenglish,file.info.resolved.ethenglish,update,FALSE,int
uds,ethgerman,file.info.resolved.ethgerman,update,FALSE,int
uds,ethirish,file.info.resolved.ethirish,update,FALSE,int
uds,ethitalian,file.info.resolved.ethitalian,update,FALSE,int
uds,ethpolish,file.info.resolved.ethpolish,update,FALSE,int
uds,ethscott,file.info.resolved.ethscott,update,FALSE,int
uds,ethwhioth,file.info.resolved.ethwhioth,update,FALSE,int
uds,ethwhiothx,file.info.resolved.ethwhiothx,update,FALSE,str
uds,genman,file.info.resolved.genman,update,FALSE,int
uds,genwoman,file.info.resolved.genwoman,update,FALSE,int
uds,gentrman,file.info.resolved.gentrman,update,FALSE,int
uds,gentrwoman,file.info.resolved.gentrwoman,update,FALSE,int
uds,gennonbi,file.info.resolved.gennonbi,update,FALSE,int
uds,gentwospir,file.info.resolved.gentwospir,update,FALSE,int
uds,genoth,file.info.resolved.genoth,update,FALSE,int
uds,genothx,file.info.resolved.genothx,update,FALSE,str
uds,gendkn,file.info.resolved.gendkn,update,FALSE,int
uds,gennoans,file.info.resolved.gennoans,update,FALSE,int
uds,sexorngay,file.info.resolved.sexorngay,update,FALSE,int
uds,sexornhet,file.info.resolved.sexornhet,update,FALSE,int
uds,sexornbi,file.info.resolved.sexornbi,update,FALSE,int
uds,sexorntwos,file.info.resolved.sexorntwos,update,FALSE,int
uds,sexornoth,file.info.resolved.sexornoth,update,FALSE,int
uds,sexornothx,file.info.resolved.sexornothx,update,FALSE,str
uds,sexorndnk,file.info.resolved.sexorndnk,update,FALSE,int
uds,sexornnoan,file.info.resolved.sexornnoan,update,FALSE,int
uds,adistate,file.info.resolved.adistate,update,FALSE,int
uds,adinat,file.info.resolved.adinat,update,FALSE,int
uds,priocc,file.info.resolved.priocc,update,FALSE,int
uds,expancest,file.info.resolved.expancest,update,FALSE,int
uds,expgender,file.info.resolved.expgender,update,FALSE,int
uds,exprace,file.info.resolved.exprace,update,FALSE,int
uds,expage,file.info.resolved.expage,update,FALSE,int
uds,exprelig,file.info.resolved.exprelig,update,FALSE,int
uds,expheight,file.info.resolved.expheight,update,FALSE,int
uds,expweight,file.info.resolved.expweight,update,FALSE,int
uds,expappear,file.info.resolved.expappear,update,FALSE,int
uds,expsexorn,file.info.resolved.expsexorn,update,FALSE,int
uds,expeducinc,file.info.resolved.expeducinc,update,FALSE,int
uds,expdisab,file.info.resolved.expdisab,update,FALSE,int
uds,expskin,file.info.resolved.expskin,update,FALSE,int
uds,expother,file.info.resolved.expother,update,FALSE,int
uds,expnotapp,file.info.resolved.expnotapp,update,FALSE,int
uds,expnoans,file.info.resolved.expnoans,update,FALSE,int
uds,expstrs,file.info.resolved.expstrs,update,FALSE,int
uds,inbiryr,file.info.resolved.inbiryr,update,FALSE,int
uds,newinf,file.info.resolved.newinf,update,FALSE,int
uds,inhisp,file.info.resolved.inhisp,update,FALSE,int
uds,inhispor,file.info.resolved.inhispor,update,FALSE,int
uds,inrace,file.info.resolved.inrace,update,FALSE,int
uds,inrasec,file.info.resolved.inrasec,update,FALSE,int
uds,inrater,file.info.resolved.inrater,update,FALSE,int
uds,ineduc,file.info.resolved.ineduc,update,FALSE,int
uds,inknown,file.info.resolved.inknown,update,FALSE,int
uds,invisits,file.info.resolved.invisits,update,FALSE,int
uds,incalls,file.info.resolved.incalls,update,FALSE,int
uds,incntmod,file.info.resolved.incntmod,update,FALSE,int
uds,incnttim,file.info.resolved.incnttim,update,FALSE,int
uds,momyob,file.info.resolved.momyob,update,FALSE,int
uds,momdage,file.info.resolved.momdage,update,FALSE,int
uds,mometpr,file.info.resolved.mometpr,update,FALSE,str
uds,mometsec,file.info.resolved.mometsec,update,FALSE,str
uds,mommeval,file.info.resolved.mommeval,update,FALSE,int
uds,momageo,file.info.resolved.momageo,update,FALSE,int
uds,dadyob,file.info.resolved.dadyob,update,FALSE,int
uds,daddage,file.info.resolved.daddage,update,FALSE,int
uds,dadetpr,file.info.resolved.dadetpr,update,FALSE,str
uds,dadetsec,file.info.resolved.dadetsec,update,FALSE,str
uds,dadmeval,file.info.resolved.dadmeval,update,FALSE,int
uds,dadageo,file.info.resolved.dadageo,update,FALSE,int
uds,sib1yob,file.info.resolved.sib1yob,update,FALSE,int
uds,sib1agd,file.info.resolved.sib1agd,update,FALSE,int
uds,sib1etpr,file.info.resolved.sib1etpr,update,FALSE,str
uds,sib1etsec,file.info.resolved.sib1etsec,update,FALSE,str
uds,sib1meval,file.info.resolved.sib1meval,update,FALSE,int
uds,sib1ago,file.info.resolved.sib1ago,update,FALSE,int
uds,sib2yob,file.info.resolved.sib2yob,update,FALSE,int
uds,sib2agd,file.info.resolved.sib2agd,update,FALSE,int
uds,sib2etpr,file.info.resolved.sib2etpr,update,FALSE,str
uds,sib2etsec,file.info.resolved.sib2etsec,update,FALSE,str
uds,sib2meval,file.info.resolved.sib2meval,update,FALSE,int
uds,sib2ago,file.info.resolved.sib2ago,update,FALSE,int
uds,sib3yob,file.info.resolved.sib3yob,update,FALSE,int
uds,sib3agd,file.info.resolved.sib3agd,update,FALSE,int
uds,sib3etpr,file.info.resolved.sib3etpr,update,FALSE,str
uds,sib3etsec,file.info.resolved.sib3etsec,update,FALSE,str
uds,sib3meval,file.info.resolved.sib3meval,update,FALSE,int
uds,sib3ago,file.info.resolved.sib3ago,update,FALSE,int
uds,sib4yob,file.info.resolved.sib4yob,update,FALSE,int
uds,sib4agd,file.info.resolved.sib4agd,update,FALSE,int
uds,sib4etpr,file.info.resolved.sib4etpr,update,FALSE,str
uds,sib4etsec,file.info.resolved.sib4etsec,update,FALSE,str
uds,sib4meval,file.info.resolved.sib4meval,update,FALSE,int
uds,sib4ago,file.info.resolved.sib4ago,update,FALSE,int
uds,sib5yob,file.info.resolved.sib5yob,update,FALSE,int
uds,sib5agd,file.info.resolved.sib5agd,update,FALSE,int
uds,sib5etpr,file.info.resolved.sib5etpr,update,FALSE,str
uds,sib5etsec,file.info.resolved.sib5etsec,update,FALSE,str
uds,sib5meval,file.info.resolved.sib5meval,update,FALSE,int
uds,sib5ago,file.info.resolved.sib5ago,update,FALSE,int
uds,sib6yob,file.info.resolved.sib6yob,update,FALSE,int
uds,sib6agd,file.info.resolved.sib6agd,update,FALSE,int
uds,sib6etpr,file.info.resolved.sib6etpr,update,FALSE,str
uds,sib6etsec,file.info.resolved.sib6etsec,update,FALSE,str
uds,sib6meval,file.info.resolved.sib6meval,update,FALSE,int
uds,sib6ago,file.info.resolved.sib6ago,update,FALSE,int
uds,sib7yob,file.info.resolved.sib7yob,update,FALSE,int
uds,sib7agd,file.info.resolved.sib7agd,update,FALSE,int
uds,sib7etpr,file.info.resolved.sib7etpr,update,FALSE,str
uds,sib7etsec,file.info.resolved.sib7etsec,update,FALSE,str
uds,sib7meval,file.info.resolved.sib7meval,update,FALSE,int
uds,sib7ago,file.info.resolved.sib7ago,update,FALSE,int
uds,sib8yob,file.info.resolved.sib8yob,update,FALSE,int
uds,sib8agd,file.info.resolved.sib8agd,update,FALSE,int
uds,sib8etpr,file.info.resolved.sib8etpr,update,FALSE,str
uds,sib8etsec,file.info.resolved.sib8etsec,update,FALSE,str
uds,sib8meval,file.info.resolved.sib8meval,update,FALSE,int
uds,sib8ago,file.info.resolved.sib8ago,update,FALSE,int
uds,sib9yob,file.info.resolved.sib9yob,update,FALSE,int
uds,sib9agd,file.info.resolved.sib9agd,update,FALSE,int
uds,sib9etpr,file.info.resolved.sib9etpr,update,FALSE,str
uds,sib9etsec,file.info.resolved.sib9etsec,update,FALSE,str
uds,sib9meval,file.info.resolved.sib9meval,update,FALSE,int
uds,sib9ago,file.info.resolved.sib9ago,update,FALSE,int
uds,sib10yob,file.info.resolved.sib10yob,update,FALSE,int
uds,sib10agd,file.info.resolved.sib10agd,update,FALSE,int
uds,sib10etpr,file.info.resolved.sib10etpr,update,FALSE,str
uds,sib10etsec,file.info.resolved.sib10etsec,update,FALSE,str
uds,sib10meval,file.info.resolved.sib10meval,update,FALSE,int
uds,sib10ago,file.info.resolved.sib10ago,update,FALSE,int
uds,sib11yob,file.info.resolved.sib11yob,update,FALSE,int
uds,sib11agd,file.info.resolved.sib11agd,update,FALSE,int
uds,sib11etpr,file.info.resolved.sib11etpr,update,FALSE,str
uds,sib11etsec,file.info.resolved.sib11etsec,update,FALSE,str
uds,sib11meval,file.info.resolved.sib11meval,update,FALSE,int
uds,sib11ago,file.info.resolved.sib11ago,update,FALSE,int
uds,sib12yob,file.info.resolved.sib12yob,update,FALSE,int
uds,sib12agd,file.info.resolved.sib12agd,update,FALSE,int
uds,sib12etpr,file.info.resolved.sib12etpr,update,FALSE,str
uds,sib12etsec,file.info.resolved.sib12etsec,update,FALSE,str
uds,sib12meval,file.info.resolved.sib12meval,update,FALSE,int
uds,sib12ago,file.info.resolved.sib12ago,update,FALSE,int
uds,sib13yob,file.info.resolved.sib13yob,update,FALSE,int
uds,sib13agd,file.info.resolved.sib13agd,update,FALSE,int
uds,sib13etpr,file.info.resolved.sib13etpr,update,FALSE,str
uds,sib13etsec,file.info.resolved.sib13etsec,update,FALSE,str
uds,sib13meval,file.info.resolved.sib13meval,update,FALSE,int
uds,sib13ago,file.info.resolved.sib13ago,update,FALSE,int
uds,sib14yob,file.info.resolved.sib14yob,update,FALSE,int
uds,sib14agd,file.info.resolved.sib14agd,update,FALSE,int
uds,sib14etpr,file.info.resolved.sib14etpr,update,FALSE,str
uds,sib14etsec,file.info.resolved.sib14etsec,update,FALSE,str
uds,sib14meval,file.info.resolved.sib14meval,update,FALSE,int
uds,sib14ago,file.info.resolved.sib14ago,update,FALSE,int
uds,sib15yob,file.info.resolved.sib15yob,update,FALSE,int
uds,sib15agd,file.info.resolved.sib15agd,update,FALSE,int
uds,sib15etpr,file.info.resolved.sib15etpr,update,FALSE,str
uds,sib15etsec,file.info.resolved.sib15etsec,update,FALSE,str
uds,sib15meval,file.info.resolved.sib15meval,update,FALSE,int
uds,sib15ago,file.info.resolved.sib15ago,update,FALSE,int
uds,sib16yob,file.info.resolved.sib16yob,update,FALSE,int
uds,sib16agd,file.info.resolved.sib16agd,update,FALSE,int
uds,sib16etpr,file.info.resolved.sib16etpr,update,FALSE,str
uds,sib16etsec,file.info.resolved.sib16etsec,update,FALSE,str
uds,sib16meval,file.info.resolved.sib16meval,update,FALSE,int
uds,sib16ago,file.info.resolved.sib16ago,update,FALSE,int
uds,sib17yob,file.info.resolved.sib17yob,update,FALSE,int
uds,sib17agd,file.info.resolved.sib17agd,update,FALSE,int
uds,sib17etpr,file.info.resolved.sib17etpr,update,FALSE,str
uds,sib17etsec,file.info.resolved.sib17etsec,update,FALSE,str
uds,sib17meval,file.info.resolved.sib17meval,update,FALSE,int
uds,sib17ago,file.info.resolved.sib17ago,update,FALSE,int
uds,sib18yob,file.info.resolved.sib18yob,update,FALSE,int
uds,sib18agd,file.info.resolved.sib18agd,update,FALSE,int
uds,sib18etpr,file.info.resolved.sib18etpr,update,FALSE,str
uds,sib18etsec,file.info.resolved.sib18etsec,update,FALSE,str
uds,sib18meval,file.info.resolved.sib18meval,update,FALSE,int
uds,sib18ago,file.info.resolved.sib18ago,update,FALSE,int
uds,sib19yob,file.info.resolved.sib19yob,update,FALSE,int
uds,sib19agd,file.info.resolved.sib19agd,update,FALSE,int
uds,sib19etpr,file.info.resolved.sib19etpr,update,FALSE,str
uds,sib19etsec,file.info.resolved.sib19etsec,update,FALSE,str
uds,sib19meval,file.info.resolved.sib19meval,update,FALSE,int
uds,sib19ago,file.info.resolved.sib19ago,update,FALSE,int
uds,sib20yob,file.info.resolved.sib20yob,update,FALSE,int
uds,sib20agd,file.info.resolved.sib20agd,update,FALSE,int
uds,sib20etpr,file.info.resolved.sib20etpr,update,FALSE,str
uds,sib20etsec,file.info.resolved.sib20etsec,update,FALSE,str
uds,sib20meval,file.info.resolved.sib20meval,update,FALSE,int
uds,sib20ago,file.info.resolved.sib20ago,update,FALSE,int
uds,kid1yob,file.info.resolved.kid1yob,update,FALSE,int
uds,kid1agd,file.info.resolved.kid1agd,update,FALSE,int
uds,kid1etpr,file.info.resolved.kid1etpr,update,FALSE,str
uds,kid1etsec,file.info.resolved.kid1etsec,update,FALSE,str
uds,kid1meval,file.info.resolved.kid1meval,update,FALSE,int
uds,kid1ago,file.info.resolved.kid1ago,update,FALSE,int
uds,kid2yob,file.info.resolved.kid2yob,update,FALSE,int
uds,kid2agd,file.info.resolved.kid2agd,update,FALSE,int
uds,kid2etpr,file.info.resolved.kid2etpr,update,FALSE,str
uds,kid2etsec,file.info.resolved.kid2etsec,update,FALSE,str
uds,kid2meval,file.info.resolved.kid2meval,update,FALSE,int
uds,kid2ago,file.info.resolved.kid2ago,update,FALSE,int
uds,kid3yob,file.info.resolved.kid3yob,update,FALSE,int
uds,kid3agd,file.info.resolved.kid3agd,update,FALSE,int
uds,kid3etpr,file.info.resolved.kid3etpr,update,FALSE,str
uds,kid3etsec,file.info.resolved.kid3etsec,update,FALSE,str
uds,kid3meval,file.info.resolved.kid3meval,update,FALSE,int
uds,kid3ago,file.info.resolved.kid3ago,update,FALSE,int
uds,kid4yob,file.info.resolved.kid4yob,update,FALSE,int
uds,kid4agd,file.info.resolved.kid4agd,update,FALSE,int
uds,kid4etpr,file.info.resolved.kid4etpr,update,FALSE,str
uds,kid4etsec,file.info.resolved.kid4etsec,update,FALSE,str
uds,kid4meval,file.info.resolved.kid4meval,update,FALSE,int
uds,kid4ago,file.info.resolved.kid4ago,update,FALSE,int
uds,kid5yob,file.info.resolved.kid5yob,update,FALSE,int
uds,kid5agd,file.info.resolved.kid5agd,update,FALSE,int
uds,kid5etpr,file.info.resolved.kid5etpr,update,FALSE,str
uds,kid5etsec,file.info.resolved.kid5etsec,update,FALSE,str
uds,kid5meval,file.info.resolved.kid5meval,update,FALSE,int
uds,kid5ago,file.info.resolved.kid5ago,update,FALSE,int
uds,kid6yob,file.info.resolved.kid6yob,update,FALSE,int
uds,kid6agd,file.info.resolved.kid6agd,update,FALSE,int
uds,kid6etpr,file.info.resolved.kid6etpr,update,FALSE,str
uds,kid6etsec,file.info.resolved.kid6etsec,update,FALSE,str
uds,kid6meval,file.info.resolved.kid6meval,update,FALSE,int
uds,kid6ago,file.info.resolved.kid6ago,update,FALSE,int
uds,kid7yob,file.info.resolved.kid7yob,update,FALSE,int
uds,kid7agd,file.info.resolved.kid7agd,update,FALSE,int
uds,kid7etpr,file.info.resolved.kid7etpr,update,FALSE,str
uds,kid7etsec,file.info.resolved.kid7etsec,update,FALSE,str
uds,kid7meval,file.info.resolved.kid7meval,update,FALSE,int
uds,kid7ago,file.info.resolved.kid7ago,update,FALSE,int
uds,kid8yob,file.info.resolved.kid8yob,update,FALSE,int
uds,kid8agd,file.info.resolved.kid8agd,update,FALSE,int
uds,kid8etpr,file.info.resolved.kid8etpr,update,FALSE,str
uds,kid8etsec,file.info.resolved.kid8etsec,update,FALSE,str
uds,kid8meval,file.info.resolved.kid8meval,update,FALSE,int
uds,kid8ago,file.info.resolved.kid8ago,update,FALSE,int
uds,kid9yob,file.info.resolved.kid9yob,update,FALSE,int
uds,kid9agd,file.info.resolved.kid9agd,update,FALSE,int
uds,kid9etpr,file.info.resolved.kid9etpr,update,FALSE,str
uds,kid9etsec,file.info.resolved.kid9etsec,update,FALSE,str
uds,kid9meval,file.info.resolved.kid9meval,update,FALSE,int
uds,kid9ago,file.info.resolved.kid9ago,update,FALSE,int
uds,kid10yob,file.info.resolved.kid10yob,update,FALSE,int
uds,kid10agd,file.info.resolved.kid10agd,update,FALSE,int
uds,kid10etpr,file.info.resolved.kid10etpr,update,FALSE,str
uds,kid10etsec,file.info.resolved.kid10etsec,update,FALSE,str
uds,kid10meval,file.info.resolved.kid10meval,update,FALSE,int
uds,kid10ago,file.info.resolved.kid10ago,update,FALSE,int
uds,kid11yob,file.info.resolved.kid11yob,update,FALSE,int
uds,kid11agd,file.info.resolved.kid11agd,update,FALSE,int
uds,kid11etpr,file.info.resolved.kid11etpr,update,FALSE,str
uds,kid11etsec,file.info.resolved.kid11etsec,update,FALSE,str
uds,kid11meval,file.info.resolved.kid11meval,update,FALSE,int
uds,kid11ago,file.info.resolved.kid11ago,update,FALSE,int
uds,kid12yob,file.info.resolved.kid12yob,update,FALSE,int
uds,kid12agd,file.info.resolved.kid12agd,update,FALSE,int
uds,kid12etpr,file.info.resolved.kid12etpr,update,FALSE,str
uds,kid12etsec,file.info.resolved.kid12etsec,update,FALSE,str
uds,kid12meval,file.info.resolved.kid12meval,update,FALSE,int
uds,kid12ago,file.info.resolved.kid12ago,update,FALSE,int
uds,kid13yob,file.info.resolved.kid13yob,update,FALSE,int
uds,kid13agd,file.info.resolved.kid13agd,update,FALSE,int
uds,kid13etpr,file.info.resolved.kid13etpr,update,FALSE,str
uds,kid13etsec,file.info.resolved.kid13etsec,update,FALSE,str
uds,kid13meval,file.info.resolved.kid13meval,update,FALSE,int
uds,kid13ago,file.info.resolved.kid13ago,update,FALSE,int
uds,kid14yob,file.info.resolved.kid14yob,update,FALSE,int
uds,kid14agd,file.info.resolved.kid14agd,update,FALSE,int
uds,kid14etpr,file.info.resolved.kid14etpr,update,FALSE,str
uds,kid14etsec,file.info.resolved.kid14etsec,update,FALSE,str
uds,kid14meval,file.info.resolved.kid14meval,update,FALSE,int
uds,kid14ago,file.info.resolved.kid14ago,update,FALSE,int
uds,kid15yob,file.info.resolved.kid15yob,update,FALSE,int
uds,kid15agd,file.info.resolved.kid15agd,update,FALSE,int
uds,kid15etpr,file.info.resolved.kid15etpr,update,FALSE,str
uds,kid15etsec,file.info.resolved.kid15etsec,update,FALSE,str
uds,kid15meval,file.info.resolved.kid15meval,update,FALSE,int
uds,kid15ago,file.info.resolved.kid15ago,update,FALSE,int
uds,anymeds,file.info.resolved.anymeds,update,FALSE,int
uds,rxnormid1,file.info.resolved.rxnormid1,update,FALSE,str
uds,rxnormid2,file.info.resolved.rxnormid2,update,FALSE,str
uds,rxnormid3,file.info.resolved.rxnormid3,update,FALSE,str
uds,rxnormid4,file.info.resolved.rxnormid4,update,FALSE,str
uds,rxnormid5,file.info.resolved.rxnormid5,update,FALSE,str
uds,rxnormid6,file.info.resolved.rxnormid6,update,FALSE,str
uds,rxnormid7,file.info.resolved.rxnormid7,update,FALSE,str
uds,rxnormid8,file.info.resolved.rxnormid8,update,FALSE,str
uds,rxnormid9,file.info.resolved.rxnormid9,update,FALSE,str
uds,rxnormid10,file.info.resolved.rxnormid10,update,FALSE,str
uds,rxnormid11,file.info.resolved.rxnormid11,update,FALSE,str
uds,rxnormid12,file.info.resolved.rxnormid12,update,FALSE,str
uds,rxnormid13,file.info.resolved.rxnormid13,update,FALSE,str
uds,rxnormid14,file.info.resolved.rxnormid14,update,FALSE,str
uds,rxnormid15,file.info.resolved.rxnormid15,update,FALSE,str
uds,rxnormid16,file.info.resolved.rxnormid16,update,FALSE,str
uds,rxnormid17,file.info.resolved.rxnormid17,update,FALSE,str
uds,rxnormid18,file.info.resolved.rxnormid18,update,FALSE,str
uds,rxnormid19,file.info.resolved.rxnormid19,update,FALSE,str
uds,rxnormid20,file.info.resolved.rxnormid20,update,FALSE,str
uds,rxnormid21,file.info.resolved.rxnormid21,update,FALSE,str
uds,rxnormid22,file.info.resolved.rxnormid22,update,FALSE,str
uds,rxnormid23,file.info.resolved.rxnormid23,update,FALSE,str
uds,rxnormid24,file.info.resolved.rxnormid24,update,FALSE,str
uds,rxnormid25,file.info.resolved.rxnormid25,update,FALSE,str
uds,rxnormid26,file.info.resolved.rxnormid26,update,FALSE,str
uds,rxnormid27,file.info.resolved.rxnormid27,update,FALSE,str
uds,rxnormid28,file.info.resolved.rxnormid28,update,FALSE,str
uds,rxnormid29,file.info.resolved.rxnormid29,update,FALSE,str
uds,rxnormid30,file.info.resolved.rxnormid30,update,FALSE,str
uds,rxnormid31,file.info.resolved.rxnormid31,update,FALSE,str
uds,rxnormid32,file.info.resolved.rxnormid32,update,FALSE,str
uds,rxnormid33,file.info.resolved.rxnormid33,update,FALSE,str
uds,rxnormid34,file.info.resolved.rxnormid34,update,FALSE,str
uds,rxnormid35,file.info.resolved.rxnormid35,update,FALSE,str
uds,rxnormid36,file.info.resolved.rxnormid36,update,FALSE,str
uds,rxnormid37,file.info.resolved.rxnormid37,update,FALSE,str
uds,rxnormid38,file.info.resolved.rxnormid38,update,FALSE,str
uds,rxnormid39,file.info.resolved.rxnormid39,update,FALSE,str
uds,rxnormid40,file.info.resolved.rxnormid40,update,FALSE,str
uds,drug1,file.info.resolved.drug1,update,FALSE,str
uds,drug2,file.info.resolved.drug2,update,FALSE,str
uds,drug3,file.info.resolved.drug3,update,FALSE,str
uds,drug4,file.info.resolved.drug4,update,FALSE,str
uds,drug5,file.info.resolved.drug5,update,FALSE,str
uds,drug6,file.info.resolved.drug6,update,FALSE,str
uds,drug7,file.info.resolved.drug7,update,FALSE,str
uds,drug8,file.info.resolved.drug8,update,FALSE,str
uds,drug9,file.info.resolved.drug9,update,FALSE,str
uds,drug10,file.info.resolved.drug10,update,FALSE,str
uds,drug11,file.info.resolved.drug11,update,FALSE,str
uds,drug12,file.info.resolved.drug12,update,FALSE,str
uds,drug13,file.info.resolved.drug13,update,FALSE,str
uds,drug14,file.info.resolved.drug14,update,FALSE,str
uds,drug15,file.info.resolved.drug15,update,FALSE,str
uds,drug16,file.info.resolved.drug16,update,FALSE,str
uds,drug17,file.info.resolved.drug17,update,FALSE,str
uds,drug18,file.info.resolved.drug18,update,FALSE,str
uds,drug19,file.info.resolved.drug19,update,FALSE,str
uds,drug20,file.info.resolved.drug20,update,FALSE,str
uds,drug21,file.info.resolved.drug21,update,FALSE,str
uds,drug22,file.info.resolved.drug22,update,FALSE,str
uds,drug23,file.info.resolved.drug23,update,FALSE,str
uds,drug24,file.info.resolved.drug24,update,FALSE,str
uds,drug25,file.info.resolved.drug25,update,FALSE,str
uds,drug26,file.info.resolved.drug26,update,FALSE,str
uds,drug27,file.info.resolved.drug27,update,FALSE,str
uds,drug28,file.info.resolved.drug28,update,FALSE,str
uds,drug29,file.info.resolved.drug29,update,FALSE,str
uds,drug30,file.info.resolved.drug30,update,FALSE,str
uds,drug31,file.info.resolved.drug31,update,FALSE,str
uds,drug32,file.info.resolved.drug32,update,FALSE,str
uds,drug33,file.info.resolved.drug33,update,FALSE,str
uds,drug34,file.info.resolved.drug34,update,FALSE,str
uds,drug35,file.info.resolved.drug35,update,FALSE,str
uds,drug36,file.info.resolved.drug36,update,FALSE,str
uds,drug37,file.info.resolved.drug37,update,FALSE,str
uds,drug38,file.info.resolved.drug38,update,FALSE,str
uds,drug39,file.info.resolved.drug39,update,FALSE,str
uds,drug40,file.info.resolved.drug40,update,FALSE,str
uds,drug_id1,file.info.resolved.drug_id1,update,FALSE,str
uds,drug_id2,file.info.resolved.drug_id2,update,FALSE,str
uds,drug_id3,file.info.resolved.drug_id3,update,FALSE,str
uds,drug_id4,file.info.resolved.drug_id4,update,FALSE,str
uds,drug_id5,file.info.resolved.drug_id5,update,FALSE,str
uds,drug_id6,file.info.resolved.drug_id6,update,FALSE,str
uds,drug_id7,file.info.resolved.drug_id7,update,FALSE,str
uds,drug_id8,file.info.resolved.drug_id8,update,FALSE,str
uds,drug_id9,file.info.resolved.drug_id9,update,FALSE,str
uds,drug_id10,file.info.resolved.drug_id10,update,FALSE,str
uds,drug_id11,file.info.resolved.drug_id11,update,FALSE,str
uds,drug_id12,file.info.resolved.drug_id12,update,FALSE,str
uds,drug_id13,file.info.resolved.drug_id13,update,FALSE,str
uds,drug_id14,file.info.resolved.drug_id14,update,FALSE,str
uds,drug_id15,file.info.resolved.drug_id15,update,FALSE,str
uds,drug_id16,file.info.resolved.drug_id16,update,FALSE,str
uds,drug_id17,file.info.resolved.drug_id17,update,FALSE,str
uds,drug_id18,file.info.resolved.drug_id18,update,FALSE,str
uds,drug_id19,file.info.resolved.drug_id19,update,FALSE,str
uds,drug_id20,file.info.resolved.drug_id20,update,FALSE,str
uds,drug_id21,file.info.resolved.drug_id21,update,FALSE,str
uds,drug_id22,file.info.resolved.drug_id22,update,FALSE,str
uds,drug_id23,file.info.resolved.drug_id23,update,FALSE,str
uds,drug_id24,file.info.resolved.drug_id24,update,FALSE,str
uds,drug_id25,file.info.resolved.drug_id25,update,FALSE,str
uds,drug_id26,file.info.resolved.drug_id26,update,FALSE,str
uds,drug_id27,file.info.resolved.drug_id27,update,FALSE,str
uds,drug_id28,file.info.resolved.drug_id28,update,FALSE,str
uds,drug_id29,file.info.resolved.drug_id29,update,FALSE,str
uds,drug_id30,file.info.resolved.drug_id30,update,FALSE,str
uds,drug_id31,file.info.resolved.drug_id31,update,FALSE,str
uds,drug_id32,file.info.resolved.drug_id32,update,FALSE,str
uds,drug_id33,file.info.resolved.drug_id33,update,FALSE,str
uds,drug_id34,file.info.resolved.drug_id34,update,FALSE,str
uds,drug_id35,file.info.resolved.drug_id35,update,FALSE,str
uds,drug_id36,file.info.resolved.drug_id36,update,FALSE,str
uds,drug_id37,file.info.resolved.drug_id37,update,FALSE,str
uds,drug_id38,file.info.resolved.drug_id38,update,FALSE,str
uds,drug_id39,file.info.resolved.drug_id39,update,FALSE,str
uds,drug_id40,file.info.resolved.drug_id40,update,FALSE,str
uds,targetab1,file.info.resolved.targetab1,update,FALSE,int
uds,targettau1,file.info.resolved.targettau1,update,FALSE,int
uds,targetinf1,file.info.resolved.targetinf1,update,FALSE,int
uds,targetsyn1,file.info.resolved.targetsyn1,update,FALSE,int
uds,targetoth1,file.info.resolved.targetoth1,update,FALSE,int
uds,targetotx1,file.info.resolved.targetotx1,update,FALSE,str
uds,trttrial1,file.info.resolved.trttrial1,update,FALSE,str
uds,nctnum1,file.info.resolved.nctnum1,update,FALSE,str
uds,targetab2,file.info.resolved.targetab2,update,FALSE,int
uds,targettau2,file.info.resolved.targettau2,update,FALSE,int
uds,targetinf2,file.info.resolved.targetinf2,update,FALSE,int
uds,targetsyn2,file.info.resolved.targetsyn2,update,FALSE,int
uds,targetoth2,file.info.resolved.targetoth2,update,FALSE,int
uds,targetotx2,file.info.resolved.targetotx2,update,FALSE,str
uds,trttrial2,file.info.resolved.trttrial2,update,FALSE,str
uds,nctnum2,file.info.resolved.nctnum2,update,FALSE,str
uds,targetab3,file.info.resolved.targetab3,update,FALSE,int
uds,targettau3,file.info.resolved.targettau3,update,FALSE,int
uds,targetinf3,file.info.resolved.targetinf3,update,FALSE,int
uds,targetsyn3,file.info.resolved.targetsyn3,update,FALSE,int
uds,targetoth3,file.info.resolved.targetoth3,update,FALSE,int
uds,targetotx3,file.info.resolved.targetotx3,update,FALSE,str
uds,trttrial3,file.info.resolved.trttrial3,update,FALSE,str
uds,nctnum3,file.info.resolved.nctnum3,update,FALSE,str
uds,targetab4,file.info.resolved.targetab4,update,FALSE,int
uds,targettau4,file.info.resolved.targettau4,update,FALSE,int
uds,targetinf4,file.info.resolved.targetinf4,update,FALSE,int
uds,targetsyn4,file.info.resolved.targetsyn4,update,FALSE,int
uds,targetoth4,file.info.resolved.targetoth4,update,FALSE,int
uds,targetotx4,file.info.resolved.targetotx4,update,FALSE,str
uds,trttrial4,file.info.resolved.trttrial4,update,FALSE,str
uds,nctnum4,file.info.resolved.nctnum4,update,FALSE,str
uds,targetab5,file.info.resolved.targetab5,update,FALSE,int
uds,targettau5,file.info.resolved.targettau5,update,FALSE,int
uds,targetinf5,file.info.resolved.targetinf5,update,FALSE,int
uds,targetsyn5,file.info.resolved.targetsyn5,update,FALSE,int
uds,targetoth5,file.info.resolved.targetoth5,update,FALSE,int
uds,targetotx5,file.info.resolved.targetotx5,update,FALSE,str
uds,trttrial5,file.info.resolved.trttrial5,update,FALSE,str
uds,nctnum5,file.info.resolved.nctnum5,update,FALSE,str
uds,targetab6,file.info.resolved.targetab6,update,FALSE,int
uds,targettau6,file.info.resolved.targettau6,update,FALSE,int
uds,targetinf6,file.info.resolved.targetinf6,update,FALSE,int
uds,targetsyn6,file.info.resolved.targetsyn6,update,FALSE,int
uds,targetoth6,file.info.resolved.targetoth6,update,FALSE,int
uds,targetotx6,file.info.resolved.targetotx6,update,FALSE,str
uds,trttrial6,file.info.resolved.trttrial6,update,FALSE,str
uds,nctnum6,file.info.resolved.nctnum6,update,FALSE,str
uds,targetab7,file.info.resolved.targetab7,update,FALSE,int
uds,targettau7,file.info.resolved.targettau7,update,FALSE,int
uds,targetinf7,file.info.resolved.targetinf7,update,FALSE,int
uds,targetsyn7,file.info.resolved.targetsyn7,update,FALSE,int
uds,targetoth7,file.info.resolved.targetoth7,update,FALSE,int
uds,targetotx7,file.info.resolved.targetotx7,update,FALSE,str
uds,trttrial7,file.info.resolved.trttrial7,update,FALSE,str
uds,nctnum7,file.info.resolved.nctnum7,update,FALSE,str
uds,targetab8,file.info.resolved.targetab8,update,FALSE,int
uds,targettau8,file.info.resolved.targettau8,update,FALSE,int
uds,targetinf8,file.info.resolved.targetinf8,update,FALSE,int
uds,targetsyn8,file.info.resolved.targetsyn8,update,FALSE,int
uds,targetoth8,file.info.resolved.targetoth8,update,FALSE,int
uds,targetotx8,file.info.resolved.targetotx8,update,FALSE,str
uds,trttrial8,file.info.resolved.trttrial8,update,FALSE,str
uds,nctnum8,file.info.resolved.nctnum8,update,FALSE,str
uds,ariae,file.info.resolved.ariae,update,FALSE,int
uds,ariah,file.info.resolved.ariah,update,FALSE,int
uds,adverseoth,file.info.resolved.adverseoth,update,FALSE,int
uds,adverseotx,file.info.resolved.adverseotx,update,FALSE,str
uds,tobac30,file.info.resolved.tobac30,update,FALSE,int
uds,smokyrs,file.info.resolved.smokyrs,update,FALSE,int
uds,packsper,file.info.resolved.packsper,update,FALSE,int
uds,quitsmok,file.info.resolved.quitsmok,update,FALSE,int
uds,alcfreq,file.info.resolved.alcfreq,update,FALSE,int
uds,hattmult,file.info.resolved.hattmult,update,FALSE,int
uds,hattyear,file.info.resolved.hattyear,update,FALSE,int
uds,cvothrx,file.info.resolved.cvothrx,update,FALSE,str
uds,strokmul,file.info.resolved.strokmul,update,FALSE,int
uds,tiamult,file.info.resolved.tiamult,update,FALSE,int
uds,pdyr,file.info.resolved.pdyr,update,FALSE,int
uds,pdothryr,file.info.resolved.pdothryr,update,FALSE,int
uds,tbibrief,file.info.resolved.tbibrief,update,FALSE,int
uds,tbiexten,file.info.resolved.tbiexten,update,FALSE,int
uds,tbiwolos,file.info.resolved.tbiwolos,update,FALSE,int
uds,tbiyear,file.info.resolved.tbiyear,update,FALSE,int
uds,diabtype,file.info.resolved.diabtype,update,FALSE,int
uds,arthtype,file.info.resolved.arthtype,update,FALSE,int
uds,arthtypx,file.info.resolved.arthtypx,update,FALSE,str
uds,arthupex,file.info.resolved.arthupex,update,FALSE,int
uds,arthloex,file.info.resolved.arthloex,update,FALSE,int
uds,arthspin,file.info.resolved.arthspin,update,FALSE,int
uds,arthunk,file.info.resolved.arthunk,update,FALSE,int
uds,othsleex,file.info.resolved.othsleex,update,FALSE,str
uds,ocd,file.info.resolved.ocd,update,FALSE,int
uds,psycdisx,file.info.resolved.psycdisx,update,FALSE,str
uds,alcdrinks,file.info.resolved.alcdrinks,update,FALSE,int
uds,alcbinge,file.info.resolved.alcbinge,update,FALSE,int
uds,hrtattmult,file.info.resolved.hrtattmult,update,FALSE,int
uds,hrtattage,file.info.resolved.hrtattage,update,FALSE,int
uds,cardarrage,file.info.resolved.cardarrage,update,FALSE,int
uds,bypassage,file.info.resolved.bypassage,update,FALSE,int
uds,pacdefage,file.info.resolved.pacdefage,update,FALSE,int
uds,valveage,file.info.resolved.valveage,update,FALSE,int
uds,strokage,file.info.resolved.strokage,update,FALSE,int
uds,strokstat,file.info.resolved.strokstat,update,FALSE,int
uds,carotidage,file.info.resolved.carotidage,update,FALSE,int
uds,tiaage,file.info.resolved.tiaage,update,FALSE,int
uds,pdage,file.info.resolved.pdage,update,FALSE,int
uds,pdothrage,file.info.resolved.pdothrage,update,FALSE,int
uds,seiznum,file.info.resolved.seiznum,update,FALSE,int
uds,seizage,file.info.resolved.seizage,update,FALSE,int
uds,impamfoot,file.info.resolved.impamfoot,update,FALSE,int
uds,impsoccer,file.info.resolved.impsoccer,update,FALSE,int
uds,imphockey,file.info.resolved.imphockey,update,FALSE,int
uds,impboxing,file.info.resolved.impboxing,update,FALSE,int
uds,impsport,file.info.resolved.impsport,update,FALSE,int
uds,impipv,file.info.resolved.impipv,update,FALSE,int
uds,impmilit,file.info.resolved.impmilit,update,FALSE,int
uds,impassault,file.info.resolved.impassault,update,FALSE,int
uds,impother,file.info.resolved.impother,update,FALSE,int
uds,impotherx,file.info.resolved.impotherx,update,FALSE,str
uds,impyears,file.info.resolved.impyears,update,FALSE,int
uds,firsttbi,file.info.resolved.firsttbi,update,FALSE,int
uds,lasttbi,file.info.resolved.lasttbi,update,FALSE,int
uds,diabins,file.info.resolved.diabins,update,FALSE,int
uds,diabmeds,file.info.resolved.diabmeds,update,FALSE,int
uds,diabglp1,file.info.resolved.diabglp1,update,FALSE,int
uds,diabrecact,file.info.resolved.diabrecact,update,FALSE,int
uds,diabdiet,file.info.resolved.diabdiet,update,FALSE,int
uds,diabage,file.info.resolved.diabage,update,FALSE,int
uds,hypertage,file.info.resolved.hypertage,update,FALSE,int
uds,hyperchage,file.info.resolved.hyperchage,update,FALSE,int
uds,cpap,file.info.resolved.cpap,update,FALSE,int
uds,apneaoral,file.info.resolved.apneaoral,update,FALSE,int
uds,cancerprim,file.info.resolved.cancerprim,update,FALSE,int
uds,cancermeta,file.info.resolved.cancermeta,update,FALSE,int
uds,cancmetbr,file.info.resolved.cancmetbr,update,FALSE,int
uds,cancmetoth,file.info.resolved.cancmetoth,update,FALSE,int
uds,cancerunk,file.info.resolved.cancerunk,update,FALSE,int
uds,cancblood,file.info.resolved.cancblood,update,FALSE,int
uds,cancbreast,file.info.resolved.cancbreast,update,FALSE,int
uds,canccolon,file.info.resolved.canccolon,update,FALSE,int
uds,canclung,file.info.resolved.canclung,update,FALSE,int
uds,cancprost,file.info.resolved.cancprost,update,FALSE,int
uds,cancother,file.info.resolved.cancother,update,FALSE,int
uds,cancotherx,file.info.resolved.cancotherx,update,FALSE,str
uds,cancrad,file.info.resolved.cancrad,update,FALSE,int
uds,cancresect,file.info.resolved.cancresect,update,FALSE,int
uds,cancimmuno,file.info.resolved.cancimmuno,update,FALSE,int
uds,cancbone,file.info.resolved.cancbone,update,FALSE,int
uds,cancchemo,file.info.resolved.cancchemo,update,FALSE,int
uds,canchorm,file.info.resolved.canchorm,update,FALSE,int
uds,canctroth,file.info.resolved.canctroth,update,FALSE,int
uds,canctrothx,file.info.resolved.canctrothx,update,FALSE,str
uds,cancerage,file.info.resolved.cancerage,update,FALSE,int
uds,covidhosp,file.info.resolved.covidhosp,update,FALSE,int
uds,kidneyage,file.info.resolved.kidneyage,update,FALSE,int
uds,liverage,file.info.resolved.liverage,update,FALSE,int
uds,pvdage,file.info.resolved.pvdage,update,FALSE,int
uds,hivage,file.info.resolved.hivage,update,FALSE,int
uds,deprtreat,file.info.resolved.deprtreat,update,FALSE,int
uds,generalanx,file.info.resolved.generalanx,update,FALSE,int
uds,panicdis,file.info.resolved.panicdis,update,FALSE,int
uds,othanxdis,file.info.resolved.othanxdis,update,FALSE,int
uds,othanxdisx,file.info.resolved.othanxdisx,update,FALSE,str
uds,nomensage,file.info.resolved.nomensage,update,FALSE,int
uds,nomensnat,file.info.resolved.nomensnat,update,FALSE,int
uds,nomenshyst,file.info.resolved.nomenshyst,update,FALSE,int
uds,nomenssurg,file.info.resolved.nomenssurg,update,FALSE,int
uds,nomenschem,file.info.resolved.nomenschem,update,FALSE,int
uds,nomensrad,file.info.resolved.nomensrad,update,FALSE,int
uds,nomenshorm,file.info.resolved.nomenshorm,update,FALSE,int
uds,nomensestr,file.info.resolved.nomensestr,update,FALSE,int
uds,nomensunk,file.info.resolved.nomensunk,update,FALSE,int
uds,nomensoth,file.info.resolved.nomensoth,update,FALSE,int
uds,nomensothx,file.info.resolved.nomensothx,update,FALSE,str
uds,hrtyears,file.info.resolved.hrtyears,update,FALSE,int
uds,hrtstrtage,file.info.resolved.hrtstrtage,update,FALSE,int
uds,hrtendage,file.info.resolved.hrtendage,update,FALSE,int
uds,bcpillsyr,file.info.resolved.bcpillsyr,update,FALSE,int
uds,bcstartage,file.info.resolved.bcstartage,update,FALSE,int
uds,bcendage,file.info.resolved.bcendage,update,FALSE,int
uds,height,file.info.resolved.height,update,FALSE,float
uds,weight,file.info.resolved.weight,update,FALSE,int
uds,bpsys,file.info.resolved.bpsys,update,FALSE,int
uds,bpdias,file.info.resolved.bpdias,update,FALSE,int
uds,bpsysl,file.info.resolved.bpsysl,update,FALSE,int
uds,bpsysr,file.info.resolved.bpsysr,update,FALSE,int
uds,bpdiasl,file.info.resolved.bpdiasl,update,FALSE,int
uds,bpdiasr,file.info.resolved.bpdiasr,update,FALSE,int
uds,hrate,file.info.resolved.hrate,update,FALSE,int
uds,viswcorr,file.info.resolved.viswcorr,update,FALSE,int
uds,hearwaid,file.info.resolved.hearwaid,update,FALSE,int
uds,cvdcog,file.info.resolved.cvdcog,update,FALSE,int
uds,strokcog,file.info.resolved.strokcog,update,FALSE,int
uds,cvdimag,file.info.resolved.cvdimag,update,FALSE,int
uds,cvdimag1,file.info.resolved.cvdimag1,update,FALSE,int
uds,cvdimag2,file.info.resolved.cvdimag2,update,FALSE,int
uds,cvdimag3,file.info.resolved.cvdimag3,update,FALSE,int
uds,cvdimag4,file.info.resolved.cvdimag4,update,FALSE,int
uds,pdnormal,file.info.resolved.pdnormal,update,FALSE,int
uds,speech,file.info.resolved.speech,update,FALSE,int
uds,facexp,file.info.resolved.facexp,update,FALSE,int
uds,trestfac,file.info.resolved.trestfac,update,FALSE,int
uds,trestrhd,file.info.resolved.trestrhd,update,FALSE,int
uds,trestlhd,file.info.resolved.trestlhd,update,FALSE,int
uds,trestrft,file.info.resolved.trestrft,update,FALSE,int
uds,trestlft,file.info.resolved.trestlft,update,FALSE,int
uds,tractrhd,file.info.resolved.tractrhd,update,FALSE,int
uds,tractlhd,file.info.resolved.tractlhd,update,FALSE,int
uds,rigdneck,file.info.resolved.rigdneck,update,FALSE,int
uds,rigduprt,file.info.resolved.rigduprt,update,FALSE,int
uds,rigduplf,file.info.resolved.rigduplf,update,FALSE,int
uds,rigdlort,file.info.resolved.rigdlort,update,FALSE,int
uds,rigdlolf,file.info.resolved.rigdlolf,update,FALSE,int
uds,tapsrt,file.info.resolved.tapsrt,update,FALSE,int
uds,tapslf,file.info.resolved.tapslf,update,FALSE,int
uds,handmovr,file.info.resolved.handmovr,update,FALSE,int
uds,handmovl,file.info.resolved.handmovl,update,FALSE,int
uds,handaltr,file.info.resolved.handaltr,update,FALSE,int
uds,handaltl,file.info.resolved.handaltl,update,FALSE,int
uds,legrt,file.info.resolved.legrt,update,FALSE,int
uds,leglf,file.info.resolved.leglf,update,FALSE,int
uds,arising,file.info.resolved.arising,update,FALSE,int
uds,posture,file.info.resolved.posture,update,FALSE,int
uds,gait,file.info.resolved.gait,update,FALSE,int
uds,posstab,file.info.resolved.posstab,update,FALSE,int
uds,bradykin,file.info.resolved.bradykin,update,FALSE,int
uds,totalupdrs,file.info.resolved.totalupdrs,update,FALSE,int
uds,npiqinfx,file.info.resolved.npiqinfx,update,FALSE,str
uds,delsev,file.info.resolved.delsev,update,FALSE,int
uds,hallsev,file.info.resolved.hallsev,update,FALSE,int
uds,agitsev,file.info.resolved.agitsev,update,FALSE,int
uds,depdsev,file.info.resolved.depdsev,update,FALSE,int
uds,anxsev,file.info.resolved.anxsev,update,FALSE,int
uds,elatsev,file.info.resolved.elatsev,update,FALSE,int
uds,apasev,file.info.resolved.apasev,update,FALSE,int
uds,disnsev,file.info.resolved.disnsev,update,FALSE,int
uds,irrsev,file.info.resolved.irrsev,update,FALSE,int
uds,motsev,file.info.resolved.motsev,update,FALSE,int
uds,nitesev,file.info.resolved.nitesev,update,FALSE,int
uds,appsev,file.info.resolved.appsev,update,FALSE,int
uds,nogds,file.info.resolved.nogds,update,FALSE,int
uds,satis,file.info.resolved.satis,update,FALSE,int
uds,dropact,file.info.resolved.dropact,update,FALSE,int
uds,empty,file.info.resolved.empty,update,FALSE,int
uds,bored,file.info.resolved.bored,update,FALSE,int
uds,spirits,file.info.resolved.spirits,update,FALSE,int
uds,afraid,file.info.resolved.afraid,update,FALSE,int
uds,happy,file.info.resolved.happy,update,FALSE,int
uds,helpless,file.info.resolved.helpless,update,FALSE,int
uds,stayhome,file.info.resolved.stayhome,update,FALSE,int
uds,memprob,file.info.resolved.memprob,update,FALSE,int
uds,wondrful,file.info.resolved.wondrful,update,FALSE,int
uds,wrthless,file.info.resolved.wrthless,update,FALSE,int
uds,energy,file.info.resolved.energy,update,FALSE,int
uds,hopeless,file.info.resolved.hopeless,update,FALSE,int
uds,better,file.info.resolved.better,update,FALSE,int
uds,parksign,file.info.resolved.parksign,update,FALSE,int
uds,resttrl,file.info.resolved.resttrl,update,FALSE,int
uds,resttrr,file.info.resolved.resttrr,update,FALSE,int
uds,slowingl,file.info.resolved.slowingl,update,FALSE,int
uds,slowingr,file.info.resolved.slowingr,update,FALSE,int
uds,rigidl,file.info.resolved.rigidl,update,FALSE,int
uds,rigidr,file.info.resolved.rigidr,update,FALSE,int
uds,brady,file.info.resolved.brady,update,FALSE,int
uds,parkgait,file.info.resolved.parkgait,update,FALSE,int
uds,cvdsigns,file.info.resolved.cvdsigns,update,FALSE,int
uds,cortdef,file.info.resolved.cortdef,update,FALSE,int
uds,sivdfind,file.info.resolved.sivdfind,update,FALSE,int
uds,cvdmotl,file.info.resolved.cvdmotl,update,FALSE,int
uds,cvdmotr,file.info.resolved.cvdmotr,update,FALSE,int
uds,cortvisl,file.info.resolved.cortvisl,update,FALSE,int
uds,cortvisr,file.info.resolved.cortvisr,update,FALSE,int
uds,somatl,file.info.resolved.somatl,update,FALSE,int
uds,somatr,file.info.resolved.somatr,update,FALSE,int
uds,postcort,file.info.resolved.postcort,update,FALSE,int
uds,pspcbs,file.info.resolved.pspcbs,update,FALSE,int
uds,eyepsp,file.info.resolved.eyepsp,update,FALSE,int
uds,dyspsp,file.info.resolved.dyspsp,update,FALSE,int
uds,axialpsp,file.info.resolved.axialpsp,update,FALSE,int
uds,gaitpsp,file.info.resolved.gaitpsp,update,FALSE,int
uds,apraxsp,file.info.resolved.apraxsp,update,FALSE,int
uds,apraxl,file.info.resolved.apraxl,update,FALSE,int
uds,apraxr,file.info.resolved.apraxr,update,FALSE,int
uds,cortsenl,file.info.resolved.cortsenl,update,FALSE,int
uds,cortsenr,file.info.resolved.cortsenr,update,FALSE,int
uds,ataxl,file.info.resolved.ataxl,update,FALSE,int
uds,ataxr,file.info.resolved.ataxr,update,FALSE,int
uds,alienlml,file.info.resolved.alienlml,update,FALSE,int
uds,alienlmr,file.info.resolved.alienlmr,update,FALSE,int
uds,dystonl,file.info.resolved.dystonl,update,FALSE,int
uds,dystonr,file.info.resolved.dystonr,update,FALSE,int
uds,myocllt,file.info.resolved.myocllt,update,FALSE,int
uds,myoclrt,file.info.resolved.myoclrt,update,FALSE,int
uds,alsfind,file.info.resolved.alsfind,update,FALSE,int
uds,gaitnph,file.info.resolved.gaitnph,update,FALSE,int
uds,othneur,file.info.resolved.othneur,update,FALSE,int
uds,othersign,file.info.resolved.othersign,update,FALSE,int
uds,gaitabn,file.info.resolved.gaitabn,update,FALSE,int
uds,gaitfind,file.info.resolved.gaitfind,update,FALSE,int
uds,slowingfm,file.info.resolved.slowingfm,update,FALSE,int
uds,tremrest,file.info.resolved.tremrest,update,FALSE,int
uds,trempost,file.info.resolved.trempost,update,FALSE,int
uds,tremkine,file.info.resolved.tremkine,update,FALSE,int
uds,rigidarm,file.info.resolved.rigidarm,update,FALSE,int
uds,rigidleg,file.info.resolved.rigidleg,update,FALSE,int
uds,dystarm,file.info.resolved.dystarm,update,FALSE,int
uds,dystleg,file.info.resolved.dystleg,update,FALSE,int
uds,chorea,file.info.resolved.chorea,update,FALSE,int
uds,ampmotor,file.info.resolved.ampmotor,update,FALSE,int
uds,axialrig,file.info.resolved.axialrig,update,FALSE,int
uds,postinst,file.info.resolved.postinst,update,FALSE,int
uds,masking,file.info.resolved.masking,update,FALSE,int
uds,stooped,file.info.resolved.stooped,update,FALSE,int
uds,limbaprax,file.info.resolved.limbaprax,update,FALSE,int
uds,umndist,file.info.resolved.umndist,update,FALSE,int
uds,lmndist,file.info.resolved.lmndist,update,FALSE,int
uds,vfieldcut,file.info.resolved.vfieldcut,update,FALSE,int
uds,limbatax,file.info.resolved.limbatax,update,FALSE,int
uds,myoclon,file.info.resolved.myoclon,update,FALSE,int
uds,unisomato,file.info.resolved.unisomato,update,FALSE,int
uds,aphasia,file.info.resolved.aphasia,update,FALSE,int
uds,alienlimb,file.info.resolved.alienlimb,update,FALSE,int
uds,hspatneg,file.info.resolved.hspatneg,update,FALSE,int
uds,pspoagno,file.info.resolved.pspoagno,update,FALSE,int
uds,smtagno,file.info.resolved.smtagno,update,FALSE,int
uds,opticatax,file.info.resolved.opticatax,update,FALSE,int
uds,apraxgaze,file.info.resolved.apraxgaze,update,FALSE,int
uds,vhgazepal,file.info.resolved.vhgazepal,update,FALSE,int
uds,dysarth,file.info.resolved.dysarth,update,FALSE,int
uds,decsub,file.info.resolved.decsub,update,FALSE,int
uds,decin,file.info.resolved.decin,update,FALSE,int
uds,decclin,file.info.resolved.decclin,update,FALSE,int
uds,decclcog,file.info.resolved.decclcog,update,FALSE,int
uds,cogmem,file.info.resolved.cogmem,update,FALSE,int
uds,cogori,file.info.resolved.cogori,update,FALSE,int
uds,cogjudg,file.info.resolved.cogjudg,update,FALSE,int
uds,coglang,file.info.resolved.coglang,update,FALSE,int
uds,cogvis,file.info.resolved.cogvis,update,FALSE,int
uds,cogattn,file.info.resolved.cogattn,update,FALSE,int
uds,cogfluc,file.info.resolved.cogfluc,update,FALSE,int
uds,cogflago,file.info.resolved.cogflago,update,FALSE,int
uds,cogothr,file.info.resolved.cogothr,update,FALSE,int
uds,cogmode,file.info.resolved.cogmode,update,FALSE,int
uds,decage,file.info.resolved.decage,update,FALSE,int
uds,decclbe,file.info.resolved.decclbe,update,FALSE,int
uds,beapathy,file.info.resolved.beapathy,update,FALSE,int
uds,bedep,file.info.resolved.bedep,update,FALSE,int
uds,bevhall,file.info.resolved.bevhall,update,FALSE,int
uds,bevwell,file.info.resolved.bevwell,update,FALSE,int
uds,bevhago,file.info.resolved.bevhago,update,FALSE,int
uds,beahall,file.info.resolved.beahall,update,FALSE,int
uds,bedel,file.info.resolved.bedel,update,FALSE,int
uds,bedisin,file.info.resolved.bedisin,update,FALSE,int
uds,beirrit,file.info.resolved.beirrit,update,FALSE,int
uds,beagit,file.info.resolved.beagit,update,FALSE,int
uds,beperch,file.info.resolved.beperch,update,FALSE,int
uds,berem,file.info.resolved.berem,update,FALSE,int
uds,beremago,file.info.resolved.beremago,update,FALSE,int
uds,beanx,file.info.resolved.beanx,update,FALSE,int
uds,beothr,file.info.resolved.beothr,update,FALSE,int
uds,bemode,file.info.resolved.bemode,update,FALSE,int
uds,beage,file.info.resolved.beage,update,FALSE,int
uds,decclmot,file.info.resolved.decclmot,update,FALSE,int
uds,mogait,file.info.resolved.mogait,update,FALSE,int
uds,mofalls,file.info.resolved.mofalls,update,FALSE,int
uds,motrem,file.info.resolved.motrem,update,FALSE,int
uds,moslow,file.info.resolved.moslow,update,FALSE,int
uds,momode,file.info.resolved.momode,update,FALSE,int
uds,momopark,file.info.resolved.momopark,update,FALSE,int
uds,parkage,file.info.resolved.parkage,update,FALSE,int
uds,momoals,file.info.resolved.momoals,update,FALSE,int
uds,alsage,file.info.resolved.alsage,update,FALSE,int
uds,moage,file.info.resolved.moage,update,FALSE,int
uds,course,file.info.resolved.course,update,FALSE,int
uds,frstchg,file.info.resolved.frstchg,update,FALSE,int
uds,beeuph,file.info.resolved.beeuph,update,FALSE,int
uds,bevpatt,file.info.resolved.bevpatt,update,FALSE,int
uds,beahsimp,file.info.resolved.beahsimp,update,FALSE,int
uds,beahcomp,file.info.resolved.beahcomp,update,FALSE,int
uds,beaggrs,file.info.resolved.beaggrs,update,FALSE,int
uds,beempath,file.info.resolved.beempath,update,FALSE,int
uds,beobcom,file.info.resolved.beobcom,update,FALSE,int
uds,beanger,file.info.resolved.beanger,update,FALSE,int
uds,besubab,file.info.resolved.besubab,update,FALSE,int
uds,beremconf,file.info.resolved.beremconf,update,FALSE,int
uds,molimb,file.info.resolved.molimb,update,FALSE,int
uds,moface,file.info.resolved.moface,update,FALSE,int
uds,mospeech,file.info.resolved.mospeech,update,FALSE,int
uds,behage,file.info.resolved.behage,update,FALSE,int
uds,psychage,file.info.resolved.psychage,update,FALSE,int
uds,perchage,file.info.resolved.perchage,update,FALSE,int
uds,motorage,file.info.resolved.motorage,update,FALSE,int
uds,alcuse,file.info.resolved.alcuse,update,FALSE,int
uds,seduse,file.info.resolved.seduse,update,FALSE,int
uds,opiateuse,file.info.resolved.opiateuse,update,FALSE,int
uds,cocaineuse,file.info.resolved.cocaineuse,update,FALSE,int
uds,cannabuse,file.info.resolved.cannabuse,update,FALSE,int
uds,othsubuse,file.info.resolved.othsubuse,update,FALSE,int
uds,mofrst,file.info.resolved.mofrst,update,FALSE,int
uds,befpred,file.info.resolved.befpred,update,FALSE,int
uds,cogfpred,file.info.resolved.cogfpred,update,FALSE,int
uds,befrst,file.info.resolved.befrst,update,FALSE,int
uds,cogfrst,file.info.resolved.cogfrst,update,FALSE,int
uds,mmseloc,file.info.resolved.mmseloc,update,FALSE,int
uds,mmselan,file.info.resolved.mmselan,update,FALSE,int
uds,mmselanx,file.info.resolved.mmselanx,update,FALSE,str
uds,mmseorda,file.info.resolved.mmseorda,update,FALSE,int
uds,mmseorlo,file.info.resolved.mmseorlo,update,FALSE,int
uds,pentagon,file.info.resolved.pentagon,update,FALSE,int
uds,npsycloc,file.info.resolved.npsycloc,update,FALSE,int
uds,npsylan,file.info.resolved.npsylan,update,FALSE,int
uds,npsylanx,file.info.resolved.npsylanx,update,FALSE,str
uds,logimo,file.info.resolved.logimo,update,FALSE,int
uds,logiday,file.info.resolved.logiday,update,FALSE,int
uds,logiyr,file.info.resolved.logiyr,update,FALSE,int
uds,logiprev,file.info.resolved.logiprev,update,FALSE,int
uds,logimem,file.info.resolved.logimem,update,FALSE,int
uds,memunits,file.info.resolved.memunits,update,FALSE,int
uds,memtime,file.info.resolved.memtime,update,FALSE,int
uds,udsbenrs,file.info.resolved.udsbenrs,update,FALSE,int
uds,digif,file.info.resolved.digif,update,FALSE,int
uds,digiflen,file.info.resolved.digiflen,update,FALSE,int
uds,digib,file.info.resolved.digib,update,FALSE,int
uds,digiblen,file.info.resolved.digiblen,update,FALSE,int
uds,animals,file.info.resolved.animals,update,FALSE,int
uds,veg,file.info.resolved.veg,update,FALSE,int
uds,traila,file.info.resolved.traila,update,FALSE,int
uds,trailarr,file.info.resolved.trailarr,update,FALSE,int
uds,trailali,file.info.resolved.trailali,update,FALSE,int
uds,trailb,file.info.resolved.trailb,update,FALSE,int
uds,trailbrr,file.info.resolved.trailbrr,update,FALSE,int
uds,trailbli,file.info.resolved.trailbli,update,FALSE,int
uds,wais,file.info.resolved.wais,update,FALSE,int
uds,boston,file.info.resolved.boston,update,FALSE,int
uds,udsverfn,file.info.resolved.udsverfn,update,FALSE,int
uds,udsvernf,file.info.resolved.udsvernf,update,FALSE,int
uds,udsverlr,file.info.resolved.udsverlr,update,FALSE,int
uds,udsverln,file.info.resolved.udsverln,update,FALSE,int
uds,udsvertn,file.info.resolved.udsvertn,update,FALSE,int
uds,udsverte,file.info.resolved.udsverte,update,FALSE,int
uds,udsverti,file.info.resolved.udsverti,update,FALSE,int
uds,cogstat,file.info.resolved.cogstat,update,FALSE,int
uds,mocalanx,file.info.resolved.mocalanx,update,FALSE,str
uds,mocatots,file.info.resolved.mocatots,update,FALSE,int
uds,mocatrai,file.info.resolved.mocatrai,update,FALSE,int
uds,mocacube,file.info.resolved.mocacube,update,FALSE,int
uds,mocacloc,file.info.resolved.mocacloc,update,FALSE,int
uds,mocaclon,file.info.resolved.mocaclon,update,FALSE,int
uds,mocacloh,file.info.resolved.mocacloh,update,FALSE,int
uds,mocanami,file.info.resolved.mocanami,update,FALSE,int
uds,mocaregi,file.info.resolved.mocaregi,update,FALSE,int
uds,mocadigi,file.info.resolved.mocadigi,update,FALSE,int
uds,mocalett,file.info.resolved.mocalett,update,FALSE,int
uds,mocaser7,file.info.resolved.mocaser7,update,FALSE,int
uds,mocarepe,file.info.resolved.mocarepe,update,FALSE,int
uds,mocaflue,file.info.resolved.mocaflue,update,FALSE,int
uds,mocaabst,file.info.resolved.mocaabst,update,FALSE,int
uds,mocarecn,file.info.resolved.mocarecn,update,FALSE,int
uds,mocarecc,file.info.resolved.mocarecc,update,FALSE,int
uds,mocarecr,file.info.resolved.mocarecr,update,FALSE,int
uds,mocaordt,file.info.resolved.mocaordt,update,FALSE,int
uds,mocaormo,file.info.resolved.mocaormo,update,FALSE,int
uds,mocaoryr,file.info.resolved.mocaoryr,update,FALSE,int
uds,mocaordy,file.info.resolved.mocaordy,update,FALSE,int
uds,mocaorpl,file.info.resolved.mocaorpl,update,FALSE,int
uds,mocaorct,file.info.resolved.mocaorct,update,FALSE,int
uds,crafturs,file.info.resolved.crafturs,update,FALSE,int
uds,digforsl,file.info.resolved.digforsl,update,FALSE,int
uds,digbacls,file.info.resolved.digbacls,update,FALSE,int
uds,craftdre,file.info.resolved.craftdre,update,FALSE,int
uds,craftdti,file.info.resolved.craftdti,update,FALSE,int
uds,craftcue,file.info.resolved.craftcue,update,FALSE,int
uds,minttotw,file.info.resolved.minttotw,update,FALSE,int
uds,mintscng,file.info.resolved.mintscng,update,FALSE,int
uds,mintscnc,file.info.resolved.mintscnc,update,FALSE,int
uds,mintpcng,file.info.resolved.mintpcng,update,FALSE,int
uds,mintpcnc,file.info.resolved.mintpcnc,update,FALSE,int
uds,mocbtots,file.info.resolved.mocbtots,update,FALSE,int
uds,rey1rec,file.info.resolved.rey1rec,update,FALSE,int
uds,rey1int,file.info.resolved.rey1int,update,FALSE,int
uds,rey2rec,file.info.resolved.rey2rec,update,FALSE,int
uds,rey2int,file.info.resolved.rey2int,update,FALSE,int
uds,rey3rec,file.info.resolved.rey3rec,update,FALSE,int
uds,rey3int,file.info.resolved.rey3int,update,FALSE,int
uds,rey4rec,file.info.resolved.rey4rec,update,FALSE,int
uds,rey4int,file.info.resolved.rey4int,update,FALSE,int
uds,rey5rec,file.info.resolved.rey5rec,update,FALSE,int
uds,rey5int,file.info.resolved.rey5int,update,FALSE,int
uds,rey6rec,file.info.resolved.rey6rec,update,FALSE,int
uds,rey6int,file.info.resolved.rey6int,update,FALSE,int
uds,otrlarr,file.info.resolved.otrlarr,update,FALSE,int
uds,otrlali,file.info.resolved.otrlali,update,FALSE,int
uds,otrlbrr,file.info.resolved.otrlbrr,update,FALSE,int
uds,otrlbli,file.info.resolved.otrlbli,update,FALSE,int
uds,reydrec,file.info.resolved.reydrec,update,FALSE,int
uds,reydint,file.info.resolved.reydint,update,FALSE,int
uds,reytcor,file.info.resolved.reytcor,update,FALSE,int
uds,reyfpos,file.info.resolved.reyfpos,update,FALSE,int
uds,resphear,file.info.resolved.resphear,update,FALSE,int
uds,respdist,file.info.resolved.respdist,update,FALSE,int
uds,respintr,file.info.resolved.respintr,update,FALSE,int
uds,respdisn,file.info.resolved.respdisn,update,FALSE,int
uds,respfatg,file.info.resolved.respfatg,update,FALSE,int
uds,respemot,file.info.resolved.respemot,update,FALSE,int
uds,respasst,file.info.resolved.respasst,update,FALSE,int
uds,respoth,file.info.resolved.respoth,update,FALSE,int
uds,respothx,file.info.resolved.respothx,update,FALSE,str
uds,reydti,file.info.resolved.reydti,update,FALSE,int
uds,reymethod,file.info.resolved.reymethod,update,FALSE,int
uds,cerad1rec,file.info.resolved.cerad1rec,update,false,int
uds,cerad1read,file.info.resolved.cerad1read,update,false,int
uds,cerad1int,file.info.resolved.cerad1int,update,false,int
uds,cerad2rec,file.info.resolved.cerad2rec,update,false,int
uds,cerad2read,file.info.resolved.cerad2read,update,false,int
uds,cerad2int,file.info.resolved.cerad2int,update,false,int
uds,cerad3rec,file.info.resolved.cerad3rec,update,false,int
uds,cerad3read,file.info.resolved.cerad3read,update,false,int
uds,cerad3int,file.info.resolved.cerad3int,update,false,int
uds,ceraddti,file.info.resolved.ceraddti,update,false,int
uds,ceradj6rec,file.info.resolved.ceradj6rec,update,false,int
uds,ceradj6int,file.info.resolved.ceradj6int,update,false,int
uds,ceradj7yes,file.info.resolved.ceradj7yes,update,false,int
uds,ceradj7no,file.info.resolved.ceradj7no,update,false,int
uds,reybrec,file.info.resolved.reybrec,update,false,int
uds,reybint,file.info.resolved.reybint,update,false,int
uds,demented,file.info.resolved.demented,update,FALSE,int
uds,amndem,file.info.resolved.amndem,update,FALSE,int
uds,pca,file.info.resolved.pca,update,FALSE,int
uds,namndem,file.info.resolved.namndem,update,FALSE,int
uds,impnomci,file.info.resolved.impnomci,update,FALSE,int
uds,fluidbiom,file.info.resolved.fluidbiom,update,FALSE,int
uds,imagingdx,file.info.resolved.imagingdx,update,FALSE,int
uds,petdx,file.info.resolved.petdx,update,FALSE,int
uds,fdgpetdx,file.info.resolved.fdgpetdx,update,FALSE,int
uds,datscandx,file.info.resolved.datscandx,update,FALSE,int
uds,tracothdx,file.info.resolved.tracothdx,update,FALSE,int
uds,structdx,file.info.resolved.structdx,update,FALSE,int
uds,othbiom1,file.info.resolved.othbiom1,update,FALSE,int
uds,othbiom2,file.info.resolved.othbiom2,update,FALSE,int
uds,othbiom3,file.info.resolved.othbiom3,update,FALSE,int
uds,autdommut,file.info.resolved.autdommut,update,FALSE,int
uds,uds_ftld,file.info.resolved.ftld,update,FALSE,int
uds,cte,file.info.resolved.cte,update,FALSE,int
uds,caa,file.info.resolved.caa,update,FALSE,int
uds,late,file.info.resolved.late,update,FALSE,int
uds,probad,file.info.resolved.probad,update,FALSE,int
uds,probadif,file.info.resolved.probadif,update,FALSE,int
uds,possad,file.info.resolved.possad,update,FALSE,int
uds,possadif,file.info.resolved.possadif,update,FALSE,int
uds,park,file.info.resolved.park,update,FALSE,int
uds,msa,file.info.resolved.msa,update,FALSE,int
uds,msaif,file.info.resolved.msaif,update,FALSE,int
uds,psp,file.info.resolved.psp,update,FALSE,int
uds,pspif,file.info.resolved.pspif,update,FALSE,int
uds,cort,file.info.resolved.cort,update,FALSE,int
uds,cortif,file.info.resolved.cortif,update,FALSE,int
uds,ftldmo,file.info.resolved.ftldmo,update,FALSE,int
uds,ftldmoif,file.info.resolved.ftldmoif,update,FALSE,int
uds,ftldnos,file.info.resolved.ftldnos,update,FALSE,int
uds,ftldnoif,file.info.resolved.ftldnoif,update,FALSE,int
uds,ftd,file.info.resolved.ftd,update,FALSE,int
uds,ftdif,file.info.resolved.ftdif,update,FALSE,int
uds,ppaph,file.info.resolved.ppaph,update,FALSE,int
uds,ppaphif,file.info.resolved.ppaphif,update,FALSE,int
uds,ftldsubt,file.info.resolved.ftldsubt,update,FALSE,int
uds,cvd,file.info.resolved.cvd,update,FALSE,int
uds,cvdif,file.info.resolved.cvdif,update,FALSE,int
uds,prevstk,file.info.resolved.prevstk,update,FALSE,int
uds,strokdec,file.info.resolved.strokdec,update,FALSE,int
uds,stkimag,file.info.resolved.stkimag,update,FALSE,int
uds,infnetw,file.info.resolved.infnetw,update,FALSE,int
uds,infwmh,file.info.resolved.infwmh,update,FALSE,int
uds,vasc,file.info.resolved.vasc,update,FALSE,int
uds,vascif,file.info.resolved.vascif,update,FALSE,int
uds,vascps,file.info.resolved.vascps,update,FALSE,int
uds,vascpsif,file.info.resolved.vascpsif,update,FALSE,int
uds,stroke,file.info.resolved.stroke,update,FALSE,int
uds,strokif,file.info.resolved.strokif,update,FALSE,int
uds,esstreif,file.info.resolved.esstreif,update,FALSE,int
uds,downs,file.info.resolved.downs,update,FALSE,int
uds,downsif,file.info.resolved.downsif,update,FALSE,int
uds,hunt,file.info.resolved.hunt,update,FALSE,int
uds,huntif,file.info.resolved.huntif,update,FALSE,int
uds,prion,file.info.resolved.prion,update,FALSE,int
uds,prionif,file.info.resolved.prionif,update,FALSE,int
uds,brninjif,file.info.resolved.brninjif,update,FALSE,int
uds,brnincte,file.info.resolved.brnincte,update,FALSE,int
uds,hyceph,file.info.resolved.hyceph,update,FALSE,int
uds,hycephif,file.info.resolved.hycephif,update,FALSE,int
uds,epilep,file.info.resolved.epilep,update,FALSE,int
uds,epilepif,file.info.resolved.epilepif,update,FALSE,int
uds,neop,file.info.resolved.neop,update,FALSE,int
uds,neopif,file.info.resolved.neopif,update,FALSE,int
uds,neopstat,file.info.resolved.neopstat,update,FALSE,int
uds,hiv,file.info.resolved.hiv,update,FALSE,int
uds,hivif,file.info.resolved.hivif,update,FALSE,int
uds,othcog,file.info.resolved.othcog,update,FALSE,int
uds,othcogif,file.info.resolved.othcogif,update,FALSE,int
uds,depif,file.info.resolved.depif,update,FALSE,int
uds,deptreat,file.info.resolved.deptreat,update,FALSE,int
uds,bipoldx,file.info.resolved.bipoldx,update,FALSE,int
uds,bipoldif,file.info.resolved.bipoldif,update,FALSE,int
uds,schizop,file.info.resolved.schizop,update,FALSE,int
uds,schizoif,file.info.resolved.schizoif,update,FALSE,int
uds,anxiet,file.info.resolved.anxiet,update,FALSE,int
uds,anxietif,file.info.resolved.anxietif,update,FALSE,int
uds,delir,file.info.resolved.delir,update,FALSE,int
uds,delirif,file.info.resolved.delirif,update,FALSE,int
uds,ptsddx,file.info.resolved.ptsddx,update,FALSE,int
uds,ptsddxif,file.info.resolved.ptsddxif,update,FALSE,int
uds,othpsy,file.info.resolved.othpsy,update,FALSE,int
uds,othpsyif,file.info.resolved.othpsyif,update,FALSE,int
uds,alcdem,file.info.resolved.alcdem,update,FALSE,int
uds,alcdemif,file.info.resolved.alcdemif,update,FALSE,int
uds,alcabuse,file.info.resolved.alcabuse,update,FALSE,int
uds,impsub,file.info.resolved.impsub,update,FALSE,int
uds,impsubif,file.info.resolved.impsubif,update,FALSE,int
uds,dysill,file.info.resolved.dysill,update,FALSE,int
uds,dysillif,file.info.resolved.dysillif,update,FALSE,int
uds,meds,file.info.resolved.meds,update,FALSE,int
uds,medsif,file.info.resolved.medsif,update,FALSE,int
uds,demun,file.info.resolved.demun,update,FALSE,int
uds,demunif,file.info.resolved.demunif,update,FALSE,int
uds,cogoth,file.info.resolved.cogoth,update,FALSE,int
uds,cogothif,file.info.resolved.cogothif,update,FALSE,int
uds,cogothx,file.info.resolved.cogothx,update,FALSE,str
uds,cogoth2,file.info.resolved.cogoth2,update,FALSE,int
uds,cogoth2f,file.info.resolved.cogoth2f,update,FALSE,int
uds,cogoth2x,file.info.resolved.cogoth2x,update,FALSE,str
uds,cogoth3,file.info.resolved.cogoth3,update,FALSE,int
uds,cogoth3f,file.info.resolved.cogoth3f,update,FALSE,int
uds,cogoth3x,file.info.resolved.cogoth3x,update,FALSE,str
uds,scd,file.info.resolved.scd,update,FALSE,int
uds,scddxconf,file.info.resolved.scddxconf,update,FALSE,int
uds,mcicritcln,file.info.resolved.mcicritcln,update,FALSE,int
uds,mcicritimp,file.info.resolved.mcicritimp,update,FALSE,int
uds,mcicritfun,file.info.resolved.mcicritfun,update,FALSE,int
uds,impnomcifu,file.info.resolved.impnomcifu,update,FALSE,int
uds,impnomcicg,file.info.resolved.impnomcicg,update,FALSE,int
uds,impnomclcd,file.info.resolved.impnomclcd,update,FALSE,int
uds,impnomcio,file.info.resolved.impnomcio,update,FALSE,int
uds,cdommem,file.info.resolved.cdommem,update,FALSE,int
uds,cdomlang,file.info.resolved.cdomlang,update,FALSE,int
uds,cdomattn,file.info.resolved.cdomattn,update,FALSE,int
uds,cdomexec,file.info.resolved.cdomexec,update,FALSE,int
uds,cdomvisu,file.info.resolved.cdomvisu,update,FALSE,int
uds,cdombeh,file.info.resolved.cdombeh,update,FALSE,int
uds,cdomaprax,file.info.resolved.cdomaprax,update,FALSE,int
uds,mbi,file.info.resolved.mbi,update,FALSE,int
uds,predomsyn,file.info.resolved.predomsyn,update,FALSE,int
uds,dyexecsyn,file.info.resolved.dyexecsyn,update,FALSE,int
uds,lbdsynt,file.info.resolved.lbdsynt,update,FALSE,int
uds,pspsyn,file.info.resolved.pspsyn,update,FALSE,int
uds,pspsynt,file.info.resolved.pspsynt,update,FALSE,int
uds,ctesyn,file.info.resolved.ctesyn,update,FALSE,int
uds,cbssyn,file.info.resolved.cbssyn,update,FALSE,int
uds,msasyn,file.info.resolved.msasyn,update,FALSE,int
uds,msasynt,file.info.resolved.msasynt,update,FALSE,int
uds,othsyn,file.info.resolved.othsyn,update,FALSE,int
uds,syninfclin,file.info.resolved.syninfclin,update,FALSE,int
uds,syninfctst,file.info.resolved.syninfctst,update,FALSE,int
uds,syninfbiom,file.info.resolved.syninfbiom,update,FALSE,int
uds,majdepdx,file.info.resolved.majdepdx,update,FALSE,int
uds,majdepdif,file.info.resolved.majdepdif,update,FALSE,int
uds,othdepdx,file.info.resolved.othdepdx,update,FALSE,int
uds,othdepdif,file.info.resolved.othdepdif,update,FALSE,int
uds,genanx,file.info.resolved.genanx,update,FALSE,int
uds,panicdisdx,file.info.resolved.panicdisdx,update,FALSE,int
uds,ocddx,file.info.resolved.ocddx,update,FALSE,int
uds,othanxd,file.info.resolved.othanxd,update,FALSE,int
uds,ndevdis,file.info.resolved.ndevdis,update,FALSE,int
uds,ndevdisif,file.info.resolved.ndevdisif,update,FALSE,int
uds,tbidx,file.info.resolved.tbidx,update,FALSE,int
uds,tbidxif,file.info.resolved.tbidxif,update,FALSE,int
uds,postc19,file.info.resolved.postc19,update,FALSE,int
uds,postc19if,file.info.resolved.postc19if,update,FALSE,int
uds,apneadx,file.info.resolved.apneadx,update,FALSE,int
uds,apneadxif,file.info.resolved.apneadxif,update,FALSE,int
uds,othcogill,file.info.resolved.othcogill,update,FALSE,int
uds,othcillif,file.info.resolved.othcillif,update,FALSE,int
uds,artype,file.info.resolved.artype,update,FALSE,int
uds,artupex,file.info.resolved.artupex,update,FALSE,int
uds,artloex,file.info.resolved.artloex,update,FALSE,int
uds,artspin,file.info.resolved.artspin,update,FALSE,int
uds,artunkn,file.info.resolved.artunkn,update,FALSE,int
uds,angiocp,file.info.resolved.angiocp,update,FALSE,int
uds,othcondx,file.info.resolved.othcondx,update,FALSE,str
uds,menarche,file.info.resolved.menarche,update,FALSE,int
uds,cogage,file.info.resolved.cogage,update,FALSE,int
uds,cteif,file.info.resolved.cteif,update,FALSE,int
uds,ctecert,file.info.resolved.ctecert,update,FALSE,int
uds,caaif,file.info.resolved.caaif,update,FALSE,int
uds,lateif,file.info.resolved.lateif,update,FALSE,int
uds,frmdatea1,file.info.resolved.frmdatea1,update,FALSE,str
uds,frmdatea1a,file.info.resolved.frmdatea1a,update,FALSE,str
uds,frmdatea2,file.info.resolved.frmdatea2,update,FALSE,str
uds,frmdatea3,file.info.resolved.frmdatea3,update,FALSE,str
uds,frmdatea4,file.info.resolved.frmdatea4,update,FALSE,str
uds,frmdatea4a,file.info.resolved.frmdatea4a,update,FALSE,str
uds,frmdatea5d2,file.info.resolved.frmdatea5d2,update,FALSE,str
uds,frmdateb1,file.info.resolved.frmdateb1,update,FALSE,str
uds,bpdevice,file.info.resolved.bpdevice,update,FALSE,int
uds,frmdateb3,file.info.resolved.frmdateb3,update,FALSE,str
uds,frmdateb4,file.info.resolved.frmdateb4,update,FALSE,str
uds,frmdateb5,file.info.resolved.frmdateb5,update,FALSE,str
uds,frmdateb6,file.info.resolved.frmdateb6,update,FALSE,str
uds,frmdateb7,file.info.resolved.frmdateb7,update,FALSE,str
uds,frmdateb8,file.info.resolved.frmdateb8,update,FALSE,str
uds,frmdateb9,file.info.resolved.frmdateb9,update,FALSE,str
uds,frmdatec2c2t,file.info.resolved.frmdatec2c2t,update,FALSE,str
uds,frmdated1a,file.info.resolved.frmdated1a,update,FALSE,str
uds,frmdated1b,file.info.resolved.frmdated1b,update,FALSE,str
uds,refersc,file.info.resolved.refersc,update,FALSE,int
uds,reflearned,file.info.resolved.reflearned,update,FALSE,int
uds,refctrsocx,file.info.resolved.refctrsocx,update,FALSE,str
uds,refctrregx,file.info.resolved.refctrregx,update,FALSE,str
uds,refothwebx,file.info.resolved.refothwebx,update,FALSE,str
uds,refothmedx,file.info.resolved.refothmedx,update,FALSE,str
uds,refothregx,file.info.resolved.refothregx,update,FALSE,str
uds,refothx,file.info.resolved.refothx,update,FALSE,str
bds,header_adcid,file.info.resolved.adcid,update,FALSE,int
bds,header_formver,file.info.resolved.formver,update,FALSE,float
bds,header_visitdate,file.info.resolved.visitdate,update,FALSE,str
