variable,v4.0_I,v4.0_F,v3.2_I,v3.2_F,v3.2_T,v3.0_I,v3.0_F,v3.0_IT,v3.0_T,v2.0_I,v2.0_F,v2.0_T,v1.0_I,v1.0_F
ptid,1,1,1,1,1,1,1,1,1,1,1,1,1,1
adcid,1,1,1,1,1,1,1,1,1,1,1,1,1,1
visitnum,1,1,1,1,1,1,1,1,1,1,1,1,1,1
packet,1,1,1,1,1,1,1,1,1,1,1,1,1,1
formver,1,1,1,1,1,1,1,1,1,1,1,1,1,1
visitdate,1,1,,,,,,,,,,,,
frmdatea1,1,1,,,,,,,,,,,,
initialsa1,1,1,,,,,,,,,,,,
langa1,1,1,1,1,1,1,1,1,1,,,,,
modea1,1,1,,,,,,,,,,,,
rmreasa1,1,1,,,,,,,,,,,,
rmmodea1,1,1,,,,,,,,,,,,
admina1,1,1,,,,,,,,,,,,
birthmo,1,2,1,1,1,1,1,1,1,1,1,1,1,1
birthyr,1,2,1,1,1,1,1,1,1,1,1,1,1,1
chldhdctry,1,2,,,,,,,,,,,,
raceaian,1,2,,,,,,,,,,,,
raceaianx,1,2,,,,,,,,,,,,
raceasian,1,2,,,,,,,,,,,,
ethchinese,1,2,,,,,,,,,,,,
ethindia,1,2,,,,,,,,,,,,
ethfilip,1,2,,,,,,,,,,,,
ethvietnam,1,2,,,,,,,,,,,,
ethkorean,1,2,,,,,,,,,,,,
ethjapan,1,2,,,,,,,,,,,,
ethasnoth,1,2,,,,,,,,,,,,
ethasnothx,1,2,,,,,,,,,,,,
raceblack,1,2,,,,,,,,,,,,
ethafamer,1,2,,,,,,,,,,,,
ethjamaica,1,2,,,,,,,,,,,,
ethhaitian,1,2,,,,,,,,,,,,
ethnigeria,1,2,,,,,,,,,,,,
ethethiop,1,2,,,,,,,,,,,,
ethsomali,1,2,,,,,,,,,,,,
ethblkoth,1,2,,,,,,,,,,,,
ethblkothx,1,2,,,,,,,,,,,,
ethispanic,1,2,,,,,,,,,,,,
ethmexican,1,2,,,,,,,,,,,,
ethpuerto,1,2,,,,,,,,,,,,
ethsalva,1,2,,,,,,,,,,,,
ethcuban,1,2,,,,,,,,,,,,
ethdomin,1,2,,,,,,,,,,,,
ethguatem,1,2,,,,,,,,,,,,
ethhisoth,1,2,,,,,,,,,,,,
ethhisothx,1,2,,,,,,,,,,,,
racemena,1,2,,,,,,,,,,,,
ethlebanon,1,2,,,,,,,,,,,,
ethiran,1,2,,,,,,,,,,,,
ethegypt,1,2,,,,,,,,,,,,
ethsyria,1,2,,,,,,,,,,,,
ethiraqi,1,2,,,,,,,,,,,,
ethisrael,1,2,,,,,,,,,,,,
ethmenaoth,1,2,,,,,,,,,,,,
ethmenaotx,1,2,,,,,,,,,,,,
racenhpi,1,2,,,,,,,,,,,,
ethhawaii,1,2,,,,,,,,,,,,
ethsamoan,1,2,,,,,,,,,,,,
ethchamor,1,2,,,,,,,,,,,,
ethtongan,1,2,,,,,,,,,,,,
ethfijian,1,2,,,,,,,,,,,,
ethmarshal,1,2,,,,,,,,,,,,
ethnhpioth,1,2,,,,,,,,,,,,
ethnhpiotx,1,2,,,,,,,,,,,,
racewhite,1,2,,,,,,,,,,,,
ethenglish,1,2,,,,,,,,,,,,
ethgerman,1,2,,,,,,,,,,,,
ethirish,1,2,,,,,,,,,,,,
ethitalian,1,2,,,,,,,,,,,,
ethpolish,1,2,,,,,,,,,,,,
ethscott,1,2,,,,,,,,,,,,
ethwhioth,1,2,,,,,,,,,,,,
ethwhiothx,1,2,,,,,,,,,,,,
raceunkn,1,2,,,,,,,,,,,,
genman,1,1,,,,,,,,,,,,
genwoman,1,1,,,,,,,,,,,,
gentrman,1,1,,,,,,,,,,,,
gentrwoman,1,1,,,,,,,,,,,,
gennonbi,1,1,,,,,,,,,,,,
gentwospir,1,1,,,,,,,,,,,,
genoth,1,1,,,,,,,,,,,,
genothx,1,1,,,,,,,,,,,,
gendkn,1,1,,,,,,,,,,,,
gennoans,1,1,,,,,,,,,,,,
birthsex,1,2,,,,,,,,,,,,
intersex,1,2,,,,,,,,,,,,
sexorngay,1,1,,,,,,,,,,,,
sexornhet,1,1,,,,,,,,,,,,
sexornbi,1,1,,,,,,,,,,,,
sexorntwos,1,1,,,,,,,,,,,,
sexornoth,1,1,,,,,,,,,,,,
sexornothx,1,1,,,,,,,,,,,,
sexorndnk,1,1,,,,,,,,,,,,
sexornnoan,1,1,,,,,,,,,,,,
predomlan,1,2,,,,,,,,,,,,
predomlanx,1,2,,,,,,,,,,,,
handed,1,2,1,2,2,1,2,1,2,1,2,2,1,2
educ,1,2,1,2,2,1,2,1,2,1,2,2,1,2
lvleduc,1,2,,,,,,,,,,,,
maristat,1,1,1,1,1,1,1,1,1,1,1,1,1,1
livsitua,1,1,1,1,1,1,1,1,1,,,,,
residenc,1,1,1,1,1,1,1,1,1,1,1,1,1,1
zip,1,1,1,1,1,1,1,1,1,1,1,1,1,1
served,1,2,,,,,,,,,,,,
medva,1,1,,,,,,,,,,,,
exrtime,1,1,,,,,,,,,,,,
memwors,1,1,,,,,,,,,,,,
memtroub,1,1,,,,,,,,,,,,
memten,1,1,,,,,,,,,,,,
adistate,1,1,,,,,,,,,,,,
adinat,1,1,,,,,,,,,,,,
priocc,1,2,,,,,,,,,,,,
sourcenw,1,,1,,,1,,1,,,,,,
refersc,1,,1,,,1,,1,,,,,,
referscx,1,2,,,,,,,,,,,,
reflearned,1,2,,,,,,,,,,,,
refctrsocx,1,2,,,,,,,,,,,,
refctrregx,1,2,,,,,,,,,,,,
refothwebx,1,2,,,,,,,,,,,,
refothmedx,1,2,,,,,,,,,,,,
refothregx,1,2,,,,,,,,,,,,
refothx,1,2,,,,,,,,,,,,
frmdatea1a,1,1,,,,,,,,,,,,
initialsa1a,1,1,,,,,,,,,,,,
langa1a,1,1,,,,,,,,,,,,
modea1a,1,1,,,,,,,,,,,,
rmreasa1a,1,1,,,,,,,,,,,,
rmmodea1a,1,1,,,,,,,,,,,,
a1anot,1,1,,,,,,,,,,,,
admina1a,1,1,,,,,,,,,,,,
ownscar,1,1,,,,,,,,,,,,
trspaccess,1,1,,,,,,,,,,,,
transprob,1,1,,,,,,,,,,,,
transworry,1,1,,,,,,,,,,,,
trspmed,1,1,,,,,,,,,,,,
incomeyr,1,1,,,,,,,,,,,,
finsatis,1,1,,,,,,,,,,,,
billpay,1,1,,,,,,,,,,,,
finupset,1,1,,,,,,,,,,,,
eatless,1,1,,,,,,,,,,,,
eatlessyr,1,1,,,,,,,,,,,,
lessmeds,1,1,,,,,,,,,,,,
lessmedsyr,1,1,,,,,,,,,,,,
compcomm,1,1,,,,,,,,,,,,
guardedu,1,1,,,,,,,,,,,,
emptiness,1,1,,,,,,,,,,,,
misspeople,1,1,,,,,,,,,,,,
friends,1,1,,,,,,,,,,,,
abandoned,1,1,,,,,,,,,,,,
closefrnd,1,1,,,,,,,,,,,,
parentcomm,1,1,,,,,,,,,,,,
childcomm,1,1,,,,,,,,,,,,
friendcomm,1,1,,,,,,,,,,,,
participate,1,1,,,,,,,,,,,,
safehome,1,1,,,,,,,,,,,,
safecomm,1,1,,,,,,,,,,,,
delaymed,1,1,,,,,,,,,,,,
scriptprob,1,1,,,,,,,,,,,,
missedfup,1,1,,,,,,,,,,,,
docadvice,1,1,,,,,,,,,,,,
healthacc,1,1,,,,,,,,,,,,
lesscourt,1,1,,,,,,,,,,,,
poorserv,1,1,,,,,,,,,,,,
notsmart,1,1,,,,,,,,,,,,
actafraid,1,1,,,,,,,,,,,,
threatened,1,1,,,,,,,,,,,,
poormedtrt,1,1,,,,,,,,,,,,
expancest,1,1,,,,,,,,,,,,
expgender,1,1,,,,,,,,,,,,
exprace,1,1,,,,,,,,,,,,
expage,1,1,,,,,,,,,,,,
exprelig,1,1,,,,,,,,,,,,
expheight,1,1,,,,,,,,,,,,
expweight,1,1,,,,,,,,,,,,
expappear,1,1,,,,,,,,,,,,
expsexorn,1,1,,,,,,,,,,,,
expeducinc,1,1,,,,,,,,,,,,
expdisab,1,1,,,,,,,,,,,,
expskin,1,1,,,,,,,,,,,,
expother,1,1,,,,,,,,,,,,
expnotapp,1,1,,,,,,,,,,,,
expnoans,1,1,,,,,,,,,,,,
expstrs,1,1,,,,,,,,,,,,
frmdatea2,1,1,,,,,,,,,,,,
initialsa2,1,1,,,,,,,,,,,,
langa2,1,1,1,1,1,1,1,1,1,,,,,
modea2,1,1,,,,,,,,,,,,
rmreasa2,1,1,,,,,,,,,,,,
rmmodea2,1,1,,,,,,,,,,,,
a2not,1,1,1,1,,1,1,,,1,1,,1,1
inrelto,1,1,1,1,1,1,1,1,1,1,1,1,1,1
inknown,1,1,1,1,1,1,1,1,1,,,,,
inlivwth,1,1,1,1,1,1,1,1,1,1,1,1,1,1
incntmod,1,1,,,,,,,,,,,,
incntmdx,1,1,,,,,,,,,,,,
incntfrq,1,1,,,,,,,,,,,,
incnttim,1,1,,,,,,,,,,,,
inrely,1,1,1,1,1,1,1,1,1,1,1,1,1,1
inmemwors,1,1,,,,,,,,,,,,
inmemtroub,1,1,,,,,,,,,,,,
inmemten,1,1,,,,,,,,,,,,
frmdatea3,1,1,,,,,,,,,,,,
initialsa3,1,1,,,,,,,,,,,,
langa3,1,1,1,1,1,1,1,1,1,,,,,
modea3,1,1,,,,,,,,,,,,
rmreasa3,1,1,,,,,,,,,,,,
rmmodea3,1,1,,,,,,,,,,,,
momyob,1,1,1,1,1,1,1,1,1,1,1,1,,
momdage,1,1,1,1,1,1,1,1,1,,,,1,1
mometpr,1,1,,,,,,,,,,,,
mometsec,1,1,,,,,,,,,,,,
mommeval,1,1,,,,,,,,,,,,
momageo,1,1,1,1,1,1,1,1,1,,,,,
dadyob,1,1,1,1,1,1,1,1,1,1,1,1,,
daddage,1,1,1,1,1,1,1,1,1,,,,,
dadetpr,1,1,,,,,,,,,,,,
dadetsec,1,1,,,,,,,,,,,,
dadmeval,1,1,,,,,,,,,,,,
dadageo,1,1,1,1,1,1,1,1,1,,,,,
sibs,1,1,1,1,1,1,1,1,1,1,1,1,1,1
sib1yob,1,1,1,1,1,1,1,1,1,1,1,1,,
sib1agd,1,1,1,1,1,1,1,1,1,,,,,
sib1etpr,1,1,,,,,,,,,,,,
sib1etsec,1,1,,,,,,,,,,,,
sib1meval,1,1,,,,,,,,,,,,
sib1ago,1,1,1,1,1,1,1,1,1,,,,,
sib2yob,1,1,1,1,1,1,1,1,1,1,1,1,,
sib2agd,1,1,1,1,1,1,1,1,1,,,,,
sib2etpr,1,1,,,,,,,,,,,,
sib2etsec,1,1,,,,,,,,,,,,
sib2meval,1,1,,,,,,,,,,,,
sib2ago,1,1,1,1,1,1,1,1,1,,,,,
sib3yob,1,1,1,1,1,1,1,1,1,1,1,1,,
sib3agd,1,1,1,1,1,1,1,1,1,,,,,
sib3etpr,1,1,,,,,,,,,,,,
sib3etsec,1,1,,,,,,,,,,,,
sib3meval,1,1,,,,,,,,,,,,
sib3ago,1,1,1,1,1,1,1,1,1,,,,,
sib4yob,1,1,1,1,1,1,1,1,1,1,1,1,,
sib4agd,1,1,1,1,1,1,1,1,1,,,,,
sib4etpr,1,1,,,,,,,,,,,,
sib4etsec,1,1,,,,,,,,,,,,
sib4meval,1,1,,,,,,,,,,,,
sib4ago,1,1,1,1,1,1,1,1,1,,,,,
sib5yob,1,1,1,1,1,1,1,1,1,1,1,1,,
sib5agd,1,1,1,1,1,1,1,1,1,,,,,
sib5etpr,1,1,,,,,,,,,,,,
sib5etsec,1,1,,,,,,,,,,,,
sib5meval,1,1,,,,,,,,,,,,
sib5ago,1,1,1,1,1,1,1,1,1,,,,,
sib6yob,1,1,1,1,1,1,1,1,1,1,1,1,,
sib6agd,1,1,1,1,1,1,1,1,1,,,,,
sib6etpr,1,1,,,,,,,,,,,,
sib6etsec,1,1,,,,,,,,,,,,
sib6meval,1,1,,,,,,,,,,,,
sib6ago,1,1,1,1,1,1,1,1,1,,,,,
sib7yob,1,1,1,1,1,1,1,1,1,1,1,1,,
sib7agd,1,1,1,1,1,1,1,1,1,,,,,
sib7etpr,1,1,,,,,,,,,,,,
sib7etsec,1,1,,,,,,,,,,,,
sib7meval,1,1,,,,,,,,,,,,
sib7ago,1,1,1,1,1,1,1,1,1,,,,,
sib8yob,1,1,1,1,1,1,1,1,1,1,1,1,,
sib8agd,1,1,1,1,1,1,1,1,1,,,,,
sib8etpr,1,1,,,,,,,,,,,,
sib8etsec,1,1,,,,,,,,,,,,
sib8meval,1,1,,,,,,,,,,,,
sib8ago,1,1,1,1,1,1,1,1,1,,,,,
sib9yob,1,1,1,1,1,1,1,1,1,1,1,1,,
sib9agd,1,1,1,1,1,1,1,1,1,,,,,
sib9etpr,1,1,,,,,,,,,,,,
sib9etsec,1,1,,,,,,,,,,,,
sib9meval,1,1,,,,,,,,,,,,
sib9ago,1,1,1,1,1,1,1,1,1,,,,,
sib10yob,1,1,1,1,1,1,1,1,1,1,1,1,,
sib10agd,1,1,1,1,1,1,1,1,1,,,,,
sib10etpr,1,1,,,,,,,,,,,,
sib10etsec,1,1,,,,,,,,,,,,
sib10meval,1,1,,,,,,,,,,,,
sib10ago,1,1,1,1,1,1,1,1,1,,,,,
sib11yob,1,1,1,1,1,1,1,1,1,1,1,1,,
sib11agd,1,1,1,1,1,1,1,1,1,,,,,
sib11etpr,1,1,,,,,,,,,,,,
sib11etsec,1,1,,,,,,,,,,,,
sib11meval,1,1,,,,,,,,,,,,
sib11ago,1,1,1,1,1,1,1,1,1,,,,,
sib12yob,1,1,1,1,1,1,1,1,1,1,1,1,,
sib12agd,1,1,1,1,1,1,1,1,1,,,,,
sib12etpr,1,1,,,,,,,,,,,,
sib12etsec,1,1,,,,,,,,,,,,
sib12meval,1,1,,,,,,,,,,,,
sib12ago,1,1,1,1,1,1,1,1,1,,,,,
sib13yob,1,1,1,1,1,1,1,1,1,1,1,1,,
sib13agd,1,1,1,1,1,1,1,1,1,,,,,
sib13etpr,1,1,,,,,,,,,,,,
sib13etsec,1,1,,,,,,,,,,,,
sib13meval,1,1,,,,,,,,,,,,
sib13ago,1,1,1,1,1,1,1,1,1,,,,,
sib14yob,1,1,1,1,1,1,1,1,1,1,1,1,,
sib14agd,1,1,1,1,1,1,1,1,1,,,,,
sib14etpr,1,1,,,,,,,,,,,,
sib14etsec,1,1,,,,,,,,,,,,
sib14meval,1,1,,,,,,,,,,,,
sib14ago,1,1,1,1,1,1,1,1,1,,,,,
sib15yob,1,1,1,1,1,1,1,1,1,1,1,1,,
sib15agd,1,1,1,1,1,1,1,1,1,,,,,
sib15etpr,1,1,,,,,,,,,,,,
sib15etsec,1,1,,,,,,,,,,,,
sib15meval,1,1,,,,,,,,,,,,
sib15ago,1,1,1,1,1,1,1,1,1,,,,,
sib16yob,1,1,1,1,1,1,1,1,1,1,1,1,,
sib16agd,1,1,1,1,1,1,1,1,1,,,,,
sib16etpr,1,1,,,,,,,,,,,,
sib16etsec,1,1,,,,,,,,,,,,
sib16meval,1,1,,,,,,,,,,,,
sib16ago,1,1,1,1,1,1,1,1,1,,,,,
sib17yob,1,1,1,1,1,1,1,1,1,1,1,1,,
sib17agd,1,1,1,1,1,1,1,1,1,,,,,
sib17etpr,1,1,,,,,,,,,,,,
sib17etsec,1,1,,,,,,,,,,,,
sib17meval,1,1,,,,,,,,,,,,
sib17ago,1,1,1,1,1,1,1,1,1,,,,,
sib18yob,1,1,1,1,1,1,1,1,1,1,1,1,,
sib18agd,1,1,1,1,1,1,1,1,1,,,,,
sib18etpr,1,1,,,,,,,,,,,,
sib18etsec,1,1,,,,,,,,,,,,
sib18meval,1,1,,,,,,,,,,,,
sib18ago,1,1,1,1,1,1,1,1,1,,,,,
sib19yob,1,1,1,1,1,1,1,1,1,1,1,1,,
sib19agd,1,1,1,1,1,1,1,1,1,,,,,
sib19etpr,1,1,,,,,,,,,,,,
sib19etsec,1,1,,,,,,,,,,,,
sib19meval,1,1,,,,,,,,,,,,
sib19ago,1,1,1,1,1,1,1,1,1,,,,,
sib20yob,1,1,1,1,1,1,1,1,1,1,1,1,,
sib20agd,1,1,1,1,1,1,1,1,1,,,,,
sib20etpr,1,1,,,,,,,,,,,,
sib20etsec,1,1,,,,,,,,,,,,
sib20meval,1,1,,,,,,,,,,,,
sib20ago,1,1,1,1,1,1,1,1,1,,,,,
kids,1,1,1,1,1,1,1,1,1,1,1,1,1,1
kid1yob,1,1,1,1,1,1,1,1,1,1,1,1,,
kid1agd,1,1,1,1,1,1,1,1,1,,,,,
kid1etpr,1,1,,,,,,,,,,,,
kid1etsec,1,1,,,,,,,,,,,,
kid1meval,1,1,,,,,,,,,,,,
kid1ago,1,1,1,1,1,1,1,1,1,,,,,
kid2yob,1,1,1,1,1,1,1,1,1,1,1,1,,
kid2agd,1,1,1,1,1,1,1,1,1,,,,,
kid2etpr,1,1,,,,,,,,,,,,
kid2etsec,1,1,,,,,,,,,,,,
kid2meval,1,1,,,,,,,,,,,,
kid2ago,1,1,1,1,1,1,1,1,1,,,,,
kid3yob,1,1,1,1,1,1,1,1,1,1,1,1,,
kid3agd,1,1,1,1,1,1,1,1,1,,,,,
kid3etpr,1,1,,,,,,,,,,,,
kid3etsec,1,1,,,,,,,,,,,,
kid3meval,1,1,,,,,,,,,,,,
kid3ago,1,1,1,1,1,1,1,1,1,,,,,
kid4yob,1,1,1,1,1,1,1,1,1,1,1,1,,
kid4agd,1,1,1,1,1,1,1,1,1,,,,,
kid4etpr,1,1,,,,,,,,,,,,
kid4etsec,1,1,,,,,,,,,,,,
kid4meval,1,1,,,,,,,,,,,,
kid4ago,1,1,1,1,1,1,1,1,1,,,,,
kid5yob,1,1,1,1,1,1,1,1,1,1,1,1,,
kid5agd,1,1,1,1,1,1,1,1,1,,,,,
kid5etpr,1,1,,,,,,,,,,,,
kid5etsec,1,1,,,,,,,,,,,,
kid5meval,1,1,,,,,,,,,,,,
kid5ago,1,1,1,1,1,1,1,1,1,,,,,
kid6yob,1,1,1,1,1,1,1,1,1,1,1,1,,
kid6agd,1,1,1,1,1,1,1,1,1,,,,,
kid6etpr,1,1,,,,,,,,,,,,
kid6etsec,1,1,,,,,,,,,,,,
kid6meval,1,1,,,,,,,,,,,,
kid6ago,1,1,1,1,1,1,1,1,1,,,,,
kid7yob,1,1,1,1,1,1,1,1,1,1,1,1,,
kid7agd,1,1,1,1,1,1,1,1,1,,,,,
kid7etpr,1,1,,,,,,,,,,,,
kid7etsec,1,1,,,,,,,,,,,,
kid7meval,1,1,,,,,,,,,,,,
kid7ago,1,1,1,1,1,1,1,1,1,,,,,
kid8yob,1,1,1,1,1,1,1,1,1,1,1,1,,
kid8agd,1,1,1,1,1,1,1,1,1,,,,,
kid8etpr,1,1,,,,,,,,,,,,
kid8etsec,1,1,,,,,,,,,,,,
kid8meval,1,1,,,,,,,,,,,,
kid8ago,1,1,1,1,1,1,1,1,1,,,,,
kid9yob,1,1,1,1,1,1,1,1,1,1,1,1,,
kid9agd,1,1,1,1,1,1,1,1,1,,,,,
kid9etpr,1,1,,,,,,,,,,,,
kid9etsec,1,1,,,,,,,,,,,,
kid9meval,1,1,,,,,,,,,,,,
kid9ago,1,1,1,1,1,1,1,1,1,,,,,
kid10yob,1,1,1,1,1,1,1,1,1,1,1,1,,
kid10agd,1,1,1,1,1,1,1,1,1,,,,,
kid10etpr,1,1,,,,,,,,,,,,
kid10etsec,1,1,,,,,,,,,,,,
kid10meval,1,1,,,,,,,,,,,,
kid10ago,1,1,1,1,1,1,1,1,1,,,,,
kid11yob,1,1,1,1,1,1,1,1,1,1,1,1,,
kid11agd,1,1,1,1,1,1,1,1,1,,,,,
kid11etpr,1,1,,,,,,,,,,,,
kid11etsec,1,1,,,,,,,,,,,,
kid11meval,1,1,,,,,,,,,,,,
kid11ago,1,1,1,1,1,1,1,1,1,,,,,
kid12yob,1,1,1,1,1,1,1,1,1,1,1,1,,
kid12agd,1,1,1,1,1,1,1,1,1,,,,,
kid12etpr,1,1,,,,,,,,,,,,
kid12etsec,1,1,,,,,,,,,,,,
kid12meval,1,1,,,,,,,,,,,,
kid12ago,1,1,1,1,1,1,1,1,1,,,,,
kid13yob,1,1,1,1,1,1,1,1,1,1,1,1,,
kid13agd,1,1,1,1,1,1,1,1,1,,,,,
kid13etpr,1,1,,,,,,,,,,,,
kid13etsec,1,1,,,,,,,,,,,,
kid13meval,1,1,,,,,,,,,,,,
kid13ago,1,1,1,1,1,1,1,1,1,,,,,
kid14yob,1,1,1,1,1,1,1,1,1,1,1,1,,
kid14agd,1,1,1,1,1,1,1,1,1,,,,,
kid14etpr,1,1,,,,,,,,,,,,
kid14etsec,1,1,,,,,,,,,,,,
kid14meval,1,1,,,,,,,,,,,,
kid14ago,1,1,1,1,1,1,1,1,1,,,,,
kid15yob,1,1,1,1,1,1,1,1,1,1,1,1,,
kid15agd,1,1,1,1,1,1,1,1,1,,,,,
kid15etpr,1,1,,,,,,,,,,,,
kid15etsec,1,1,,,,,,,,,,,,
kid15meval,1,1,,,,,,,,,,,,
kid15ago,1,1,1,1,1,1,1,1,1,,,,,
frmdatea4,1,1,,,,,,,,,,,,
initialsa4,1,1,,,,,,,,,,,,
langa4,1,1,1,1,1,1,1,1,1,,,,,
modea4,1,1,,,,,,,,,,,,
rmreasa4,1,1,,,,,,,,,,,,
rmmodea4,1,1,,,,,,,,,,,,
anymeds,1,1,1,1,1,1,1,1,1,1,1,1,2,2
rxnormid1,1,1,,,,,,,,,,,,
rxnormid2,1,1,,,,,,,,,,,,
rxnormid3,1,1,,,,,,,,,,,,
rxnormid4,1,1,,,,,,,,,,,,
rxnormid5,1,1,,,,,,,,,,,,
rxnormid6,1,1,,,,,,,,,,,,
rxnormid7,1,1,,,,,,,,,,,,
rxnormid8,1,1,,,,,,,,,,,,
rxnormid9,1,1,,,,,,,,,,,,
rxnormid10,1,1,,,,,,,,,,,,
rxnormid11,1,1,,,,,,,,,,,,
rxnormid12,1,1,,,,,,,,,,,,
rxnormid13,1,1,,,,,,,,,,,,
rxnormid14,1,1,,,,,,,,,,,,
rxnormid15,1,1,,,,,,,,,,,,
rxnormid16,1,1,,,,,,,,,,,,
rxnormid17,1,1,,,,,,,,,,,,
rxnormid18,1,1,,,,,,,,,,,,
rxnormid19,1,1,,,,,,,,,,,,
rxnormid20,1,1,,,,,,,,,,,,
rxnormid21,1,1,,,,,,,,,,,,
rxnormid22,1,1,,,,,,,,,,,,
rxnormid23,1,1,,,,,,,,,,,,
rxnormid24,1,1,,,,,,,,,,,,
rxnormid25,1,1,,,,,,,,,,,,
rxnormid26,1,1,,,,,,,,,,,,
rxnormid27,1,1,,,,,,,,,,,,
rxnormid28,1,1,,,,,,,,,,,,
rxnormid29,1,1,,,,,,,,,,,,
rxnormid30,1,1,,,,,,,,,,,,
rxnormid31,1,1,,,,,,,,,,,,
rxnormid32,1,1,,,,,,,,,,,,
rxnormid33,1,1,,,,,,,,,,,,
rxnormid34,1,1,,,,,,,,,,,,
rxnormid35,1,1,,,,,,,,,,,,
rxnormid36,1,1,,,,,,,,,,,,
rxnormid37,1,1,,,,,,,,,,,,
rxnormid38,1,1,,,,,,,,,,,,
rxnormid39,1,1,,,,,,,,,,,,
rxnormid40,1,1,,,,,,,,,,,,
frmdatea4a,1,1,,,,,,,,,,,,
initialsa4a,1,1,,,,,,,,,,,,
langa4a,1,1,,,,,,,,,,,,
modea4a,1,1,,,,,,,,,,,,
rmreasa4a,1,1,,,,,,,,,,,,
rmmodea4a,1,1,,,,,,,,,,,,
trtbiomark,1,1,,,,,,,,,,,,
targetab1,1,1,,,,,,,,,,,,
targettau1,1,1,,,,,,,,,,,,
targetinf1,1,1,,,,,,,,,,,,
targetsyn1,1,1,,,,,,,,,,,,
targetoth1,1,1,,,,,,,,,,,,
targetotx1,1,1,,,,,,,,,,,,
trttrial1,1,1,,,,,,,,,,,,
nctnum1,1,1,,,,,,,,,,,,
startmo1,1,1,,,,,,,,,,,,
startyear1,1,1,,,,,,,,,,,,
endmo1,1,1,,,,,,,,,,,,
endyear1,1,1,,,,,,,,,,,,
caretrial1,1,1,,,,,,,,,,,,
trialgrp1,1,1,,,,,,,,,,,,
targetab2,1,1,,,,,,,,,,,,
targettau2,1,1,,,,,,,,,,,,
targetinf2,1,1,,,,,,,,,,,,
targetsyn2,1,1,,,,,,,,,,,,
targetoth2,1,1,,,,,,,,,,,,
targetotx2,1,1,,,,,,,,,,,,
trttrial2,1,1,,,,,,,,,,,,
nctnum2,1,1,,,,,,,,,,,,
startmo2,1,1,,,,,,,,,,,,
startyear2,1,1,,,,,,,,,,,,
endmo2,1,1,,,,,,,,,,,,
endyear2,1,1,,,,,,,,,,,,
caretrial2,1,1,,,,,,,,,,,,
trialgrp2,1,1,,,,,,,,,,,,
targetab3,1,1,,,,,,,,,,,,
targettau3,1,1,,,,,,,,,,,,
targetinf3,1,1,,,,,,,,,,,,
targetsyn3,1,1,,,,,,,,,,,,
targetoth3,1,1,,,,,,,,,,,,
targetotx3,1,1,,,,,,,,,,,,
trttrial3,1,1,,,,,,,,,,,,
nctnum3,1,1,,,,,,,,,,,,
startmo3,1,1,,,,,,,,,,,,
startyear3,1,1,,,,,,,,,,,,
endmo3,1,1,,,,,,,,,,,,
endyear3,1,1,,,,,,,,,,,,
caretrial3,1,1,,,,,,,,,,,,
trialgrp3,1,1,,,,,,,,,,,,
targetab4,1,1,,,,,,,,,,,,
targettau4,1,1,,,,,,,,,,,,
targetinf4,1,1,,,,,,,,,,,,
targetsyn4,1,1,,,,,,,,,,,,
targetoth4,1,1,,,,,,,,,,,,
targetotx4,1,1,,,,,,,,,,,,
trttrial4,1,1,,,,,,,,,,,,
nctnum4,1,1,,,,,,,,,,,,
startmo4,1,1,,,,,,,,,,,,
startyear4,1,1,,,,,,,,,,,,
endmo4,1,1,,,,,,,,,,,,
endyear4,1,1,,,,,,,,,,,,
caretrial4,1,1,,,,,,,,,,,,
trialgrp4,1,1,,,,,,,,,,,,
targetab5,1,1,,,,,,,,,,,,
targettau5,1,1,,,,,,,,,,,,
targetinf5,1,1,,,,,,,,,,,,
targetsyn5,1,1,,,,,,,,,,,,
targetoth5,1,1,,,,,,,,,,,,
targetotx5,1,1,,,,,,,,,,,,
trttrial5,1,1,,,,,,,,,,,,
nctnum5,1,1,,,,,,,,,,,,
startmo5,1,1,,,,,,,,,,,,
startyear5,1,1,,,,,,,,,,,,
endmo5,1,1,,,,,,,,,,,,
endyear5,1,1,,,,,,,,,,,,
caretrial5,1,1,,,,,,,,,,,,
trialgrp5,1,1,,,,,,,,,,,,
targetab6,1,1,,,,,,,,,,,,
targettau6,1,1,,,,,,,,,,,,
targetinf6,1,1,,,,,,,,,,,,
targetsyn6,1,1,,,,,,,,,,,,
targetoth6,1,1,,,,,,,,,,,,
targetotx6,1,1,,,,,,,,,,,,
trttrial6,1,1,,,,,,,,,,,,
nctnum6,1,1,,,,,,,,,,,,
startmo6,1,1,,,,,,,,,,,,
startyear6,1,1,,,,,,,,,,,,
endmo6,1,1,,,,,,,,,,,,
endyear6,1,1,,,,,,,,,,,,
caretrial6,1,1,,,,,,,,,,,,
trialgrp6,1,1,,,,,,,,,,,,
targetab7,1,1,,,,,,,,,,,,
targettau7,1,1,,,,,,,,,,,,
targetinf7,1,1,,,,,,,,,,,,
targetsyn7,1,1,,,,,,,,,,,,
targetoth7,1,1,,,,,,,,,,,,
targetotx7,1,1,,,,,,,,,,,,
trttrial7,1,1,,,,,,,,,,,,
nctnum7,1,1,,,,,,,,,,,,
startmo7,1,1,,,,,,,,,,,,
startyear7,1,1,,,,,,,,,,,,
endmo7,1,1,,,,,,,,,,,,
endyear7,1,1,,,,,,,,,,,,
caretrial7,1,1,,,,,,,,,,,,
trialgrp7,1,1,,,,,,,,,,,,
targetab8,1,1,,,,,,,,,,,,
targettau8,1,1,,,,,,,,,,,,
targetinf8,1,1,,,,,,,,,,,,
targetsyn8,1,1,,,,,,,,,,,,
targetoth8,1,1,,,,,,,,,,,,
targetotx8,1,1,,,,,,,,,,,,
trttrial8,1,1,,,,,,,,,,,,
nctnum8,1,1,,,,,,,,,,,,
startmo8,1,1,,,,,,,,,,,,
startyear8,1,1,,,,,,,,,,,,
endmo8,1,1,,,,,,,,,,,,
endyear8,1,1,,,,,,,,,,,,
caretrial8,1,1,,,,,,,,,,,,
trialgrp8,1,1,,,,,,,,,,,,
advevent,1,1,,,,,,,,,,,,
ariae,1,1,,,,,,,,,,,,
ariah,1,1,,,,,,,,,,,,
adverseoth,1,1,,,,,,,,,,,,
adverseotx,1,1,,,,,,,,,,,,
frmdatea5d2,1,1,,,,,,,,,,,,
initialsa5d2,1,1,,,,,,,,,,,,
langa5d2,1,1,,,,,,,,,,,,
modea5d2,1,1,,,,,,,,,,,,
rmreasa5d2,1,1,,,,,,,,,,,,
rmmodea5d2,1,1,,,,,,,,,,,,
tobac100,1,1,1,,,1,,1,,1,1,1,1,1
smokyrs,1,1,1,,,1,,1,,1,1,1,1,1
packsper,1,1,1,,,1,,1,,1,1,1,1,1
tobac30,1,1,1,,,1,,1,,1,1,1,1,1
quitsmok,1,1,1,,,1,,1,,1,1,1,1,1
alcfreqyr,1,1,,,,,,,,,,,,
alcdrinks,1,1,,,,,,,,,,,,
alcbinge,1,1,,,,,,,,,,,,
substyear,1,1,,,,,,,,,,,,
substpast,1,1,,,,,,,,,,,,
cannabis,1,1,,,,,,,,,,,,
hrtattack,1,1,,,,,,,,,,,,
hrtattmult,1,1,,,,,,,,,,,,
hrtattage,1,1,,,,,,,,,,,,
cardarrest,1,1,,,,,,,,,,,,
cardarrage,1,1,,,,,,,,,,,,
cvafib,1,1,1,,,1,,1,,1,1,1,1,1
cvangio,1,1,1,,,1,,1,,1,1,1,1,1
cvbypass,1,1,1,,,1,,1,,1,1,1,1,1
bypassage,1,1,,,,,,,,,,,,
cvpacdef,1,1,1,,,1,,1,,,,,,
pacdefage,1,1,,,,,,,,,,,,
cvchf,1,1,1,,,1,,1,,1,1,1,1,1
cvhvalve,1,1,1,,,1,,1,,,,,,
valveage,1,1,,,,,,,,,,,,
cvothr,1,1,1,,,1,,1,,1,1,1,1,1
cvothrx,1,1,1,,,1,,1,,1,1,1,1,1
cbstroke,1,1,1,,,1,,1,,1,1,1,1,1
strokmul,1,1,1,,,1,,1,,,,,,
strokage,1,1,,,,,,,,,,,,
strokstat,1,1,,,,,,,,,,,,
angiocp,1,1,1,1,1,1,1,1,1,,,,,
carotidage,1,1,,,,,,,,,,,,
cbtia,1,1,1,,,1,,1,,1,1,1,1,1
tiaage,1,1,,,,,,,,,,,,
pd,1,1,1,,,1,,1,,1,1,1,1,1
pdage,1,1,,,,,,,,,,,,
pdothr,1,1,1,,,1,,1,,1,1,1,1,1
pdothrage,1,1,,,,,,,,,,,,
seizures,1,1,1,,,1,,1,,1,1,1,1,1
seiznum,1,1,,,,,,,,,,,,
seizage,1,1,,,,,,,,,,,,
headache,1,1,,,,,,,,,,,,
ms,1,1,,,,,,,,,,,,
hydroceph,1,1,,,,,,,,,,,,
headimp,1,1,,,,,,,,,,,,
impamfoot,1,1,,,,,,,,,,,,
impsoccer,1,1,,,,,,,,,,,,
imphockey,1,1,,,,,,,,,,,,
impboxing,1,1,,,,,,,,,,,,
impsport,1,1,,,,,,,,,,,,
impipv,1,1,,,,,,,,,,,,
impmilit,1,1,,,,,,,,,,,,
impassault,1,1,,,,,,,,,,,,
impother,1,1,,,,,,,,,,,,
impotherx,1,1,,,,,,,,,,,,
impyears,1,1,,,,,,,,,,,,
headinjury,1,1,,,,,,,,,,,,
headinjunc,1,1,,,,,,,,,,,,
headinjcon,1,1,,,,,,,,,,,,
headinjnum,1,1,,,,,,,,,,,,
firsttbi,1,1,,,,,,,,,,,,
lasttbi,1,1,,,,,,,,,,,,
diabetes,1,1,1,,,1,,1,,1,1,1,1,1
diabtype,1,1,1,,,1,,1,,,,,,
diabins,1,1,,,,,,,,,,,,
diabmeds,1,1,,,,,,,,,,,,
diabglp1,1,1,,,,,,,,,,,,
diabrecact,1,1,,,,,,,,,,,,
diabdiet,1,1,,,,,,,,,,,,
diabunk,1,1,,,,,,,,,,,,
diabage,1,1,,,,,,,,,,,,
hyperten,1,1,1,,,1,,1,,1,1,1,1,1
hypertage,1,1,,,,,,,,,,,,
hypercho,1,1,1,,,1,,1,,1,1,1,1,1
hyperchage,1,1,,,,,,,,,,,,
b12def,1,1,1,,,1,,1,,1,1,1,1,1
thyroid,1,1,1,,,1,,1,,1,1,1,1,1
arthrit,1,1,1,,,1,,1,,,,,,
arthrrheum,1,1,,,,,,,,,,,,
arthrosteo,1,1,,,,,,,,,,,,
arthrothr,1,1,,,,,,,,,,,,
arthtypx,1,1,1,,,1,,1,,,,,,
arthtypunk,1,1,,,,,,,,,,,,
arthupex,1,1,1,,,1,,1,,,,,,
arthloex,1,1,1,,,1,,1,,,,,,
arthspin,1,1,1,,,1,,1,,,,,,
arthunk,1,1,1,,,1,,1,,,,,,
incontu,1,1,1,,,1,,1,,1,1,1,1,1
incontf,1,1,1,,,1,,1,,1,1,1,1,1
apnea,1,1,1,,,1,,1,,,,,,
cpap,1,1,,,,,,,,,,,,
apneaoral,1,1,,,,,,,,,,,,
rbd,1,1,1,,,1,,1,,,,,,
insomn,1,1,1,,,1,,1,,,,,,
othsleep,1,1,1,,,1,,1,,,,,,
othsleex,1,1,1,,,1,,1,,,,,,
canceractv,1,1,,,,,,,,,,,,
cancerprim,1,1,,,,,,,,,,,,
cancermeta,1,1,,,,,,,,,,,,
cancmetbr,1,1,,,,,,,,,,,,
cancmetoth,1,1,,,,,,,,,,,,
cancerunk,1,1,,,,,,,,,,,,
cancblood,1,1,,,,,,,,,,,,
cancbreast,1,1,,,,,,,,,,,,
canccolon,1,1,,,,,,,,,,,,
canclung,1,1,,,,,,,,,,,,
cancprost,1,1,,,,,,,,,,,,
cancother,1,1,,,,,,,,,,,,
cancotherx,1,1,,,,,,,,,,,,
cancrad,1,1,,,,,,,,,,,,
cancresect,1,1,,,,,,,,,,,,
cancimmuno,1,1,,,,,,,,,,,,
cancbone,1,1,,,,,,,,,,,,
cancchemo,1,1,,,,,,,,,,,,
canchorm,1,1,,,,,,,,,,,,
canctroth,1,1,,,,,,,,,,,,
canctrothx,1,1,,,,,,,,,,,,
cancerage,1,1,,,,,,,,,,,,
covid19,1,1,,,,,,,,,,,,
covidhosp,1,1,,,,,,,,,,,,
pulmonary,1,1,,,,,,,,,,,,
kidney,1,1,,,,,,,,,,,,
kidneyage,1,1,,,,,,,,,,,,
liver,1,1,,,,,,,,,,,,
liverage,1,1,,,,,,,,,,,,
pvd,1,1,,,,,,,,,,,,
pvdage,1,1,,,,,,,,,,,,
hivdiag,1,1,,,,,,,,,,,,
hivage,1,1,,,,,,,,,,,,
othercond,1,1,,,,,,,,,,,,
othcondx,1,1,1,1,1,1,1,1,1,,,,,
majordep,1,1,,,,,,,,,,,,
otherdep,1,1,,,,,,,,,,,,
deprtreat,1,1,,,,,,,,,,,,
bipolar,1,1,1,,,1,,1,,,,,,
schiz,1,1,1,,,1,,1,,,,,,
anxiety,1,1,1,,,1,,1,,,,,,
generalanx,1,1,,,,,,,,,,,,
panicdis,1,1,,,,,,,,,,,,
ocd,1,1,1,,,1,,1,,,,,,
othanxdis,1,1,,,,,,,,,,,,
othanxdisx,1,1,,,,,,,,,,,,
ptsd,1,1,1,,,1,,1,,,,,,
npsydev,1,1,1,,,1,,1,,,,,,
psycdis,1,1,1,,,1,,1,,1,1,1,1,1
psycdisx,1,1,1,,,1,,1,,1,1,1,1,1
menarche,1,,,,,,,,,,,,,
nomensage,1,1,,,,,,,,,,,,
nomensnat,1,1,,,,,,,,,,,,
nomenshyst,1,1,,,,,,,,,,,,
nomenssurg,1,1,,,,,,,,,,,,
nomenschem,1,1,,,,,,,,,,,,
nomensrad,1,1,,,,,,,,,,,,
nomenshorm,1,1,,,,,,,,,,,,
nomensestr,1,1,,,,,,,,,,,,
nomensunk,1,1,,,,,,,,,,,,
nomensoth,1,1,,,,,,,,,,,,
nomensothx,1,1,,,,,,,,,,,,
hrt,1,1,,,,,,,,,,,,
hrtyears,1,1,,,,,,,,,,,,
hrtstrtage,1,1,,,,,,,,,,,,
hrtendage,1,1,,,,,,,,,,,,
bcpills,1,1,,,,,,,,,,,,
bcpillsyr,1,1,,,,,,,,,,,,
bcstartage,1,1,,,,,,,,,,,,
bcendage,1,1,,,,,,,,,,,,
frmdateb1,1,1,,,,,,,,,,,,
initialsb1,1,1,,,,,,,,,,,,
langb1,1,1,1,1,,1,1,1,,,,,,
modeb1,1,1,,,,,,,,,,,,
b1not,1,1,1,1,,1,1,,,1,1,,1,1
height,1,1,1,1,,1,1,,,1,1,,1,1
weight,1,1,1,1,,1,1,,,1,1,,1,1
waist1,1,1,,,,,,,,,,,,
waist2,1,1,,,,,,,,,,,,
hip1,1,1,,,,,,,,,,,,
hip2,1,1,,,,,,,,,,,,
bpsysl1,1,1,,,,,,,,,,,,
bpdiasl1,1,1,,,,,,,,,,,,
bpsysl2,1,1,,,,,,,,,,,,
bpdiasl2,1,1,,,,,,,,,,,,
bpsysr1,1,1,,,,,,,,,,,,
bpdiasr1,1,1,,,,,,,,,,,,
bpsysr2,1,1,,,,,,,,,,,,
bpdiasr2,1,1,,,,,,,,,,,,
hrate,1,1,1,1,,1,1,,,1,1,,1,1
initials,1,,1,1,1,1,1,1,1,1,1,1,1,1
bpsysl,1,,,,,,,,,,,,,
bpsysr,1,,,,,,,,,,,,,
bpdiasl,1,,,,,,,,,,,,,
bpdiasr,1,,,,,,,,,,,,,
bpdevice,1,,,,,,,,,,,,,
frmdateb3,1,1,,,,,,,,,,,,
initialsb3,1,1,,,,,,,,,,,,
langb3,1,1,,,,,,,,,,,,
modeb3,1,1,,,,,,,,,,,,
b3not,1,1,,,,,,,,1,1,,1,1
pdnormal,1,1,,,,,,,,1,1,,1,1
speech,1,1,,,,,,,,1,1,,1,1
speechx,1,1,,,,,,,,1,1,,,
facexp,1,1,,,,,,,,1,1,,1,1
facexpx,1,1,,,,,,,,1,1,,,
trestfac,1,1,,,,,,,,1,1,,1,1
trestfax,1,1,,,,,,,,1,1,,,
trestrhd,1,1,,,,,,,,1,1,,1,1
trestrhx,1,1,,,,,,,,1,1,,,
trestlhd,1,1,,,,,,,,1,1,,1,1
trestlhx,1,1,,,,,,,,1,1,,,
trestrft,1,1,,,,,,,,1,1,,1,1
trestrfx,1,1,,,,,,,,1,1,,,
trestlft,1,1,,,,,,,,1,1,,1,1
trestlfx,1,1,,,,,,,,1,1,,,
tractrhd,1,1,,,,,,,,1,1,,1,1
tractrhx,1,1,,,,,,,,1,1,,,
tractlhd,1,1,,,,,,,,1,1,,1,1
tractlhx,1,1,,,,,,,,1,1,,,
rigdneck,1,1,,,,,,,,1,1,,1,1
rigdnex,1,1,,,,,,,,1,1,,,
rigduprt,1,1,,,,,,,,1,1,,1,1
rigduprx,1,1,,,,,,,,1,1,,,
rigduplf,1,1,,,,,,,,1,1,,1,1
rigduplx,1,1,,,,,,,,1,1,,,
rigdlort,1,1,,,,,,,,1,1,,1,1
rigdlorx,1,1,,,,,,,,1,1,,,
rigdlolf,1,1,,,,,,,,1,1,,1,1
rigdlolx,1,1,,,,,,,,1,1,,,
tapsrt,1,1,,,,,,,,1,1,,1,1
tapsrtx,1,1,,,,,,,,1,1,,1,1
tapslf,1,1,,,,,,,,1,1,,1,1
tapslfx,1,1,,,,,,,,1,1,,1,1
handmovr,1,1,,,,,,,,1,1,,1,1
handmvrx,1,1,,,,,,,,1,1,,1,1
handmovl,1,1,,,,,,,,1,1,,1,1
handmvlx,1,1,,,,,,,,1,1,,1,1
handaltr,1,1,,,,,,,,1,1,,1,1
handatrx,1,1,,,,,,,,1,1,,1,1
handaltl,1,1,,,,,,,,1,1,,1,1
handatlx,1,1,,,,,,,,1,1,,1,1
legrt,1,1,,,,,,,,1,1,,1,1
legrtx,1,1,,,,,,,,1,1,,1,1
leglf,1,1,,,,,,,,1,1,,1,1
leglfx,1,1,,,,,,,,1,1,,1,1
arising,1,1,,,,,,,,1,1,,1,1
arisingx,1,1,,,,,,,,1,1,,1,1
posture,1,1,,,,,,,,1,1,,1,1
posturex,1,1,,,,,,,,1,1,,1,1
gait,1,1,,,,,,,,1,1,,1,1
gaitx,1,1,,,,,,,,1,1,,1,1
posstab,1,1,,,,,,,,1,1,,1,1
posstabx,1,1,,,,,,,,1,1,,1,1
bradykin,1,1,,,,,,,,1,1,,1,1
bradykix,1,1,,,,,,,,1,1,,,
totalupdrs,1,1,,,,,,,,,,,,
frmdateb4,1,1,,,,,,,,,,,,
initialsb4,1,1,,,,,,,,,,,,
langb4,1,1,1,1,1,1,1,1,1,,,,,
modeb4,1,1,,,,,,,,,,,,
rmreasb4,1,1,,,,,,,,,,,,
rmmodeb4,1,1,,,,,,,,,,,,
memory,1,1,1,1,1,1,1,1,1,1,1,1,1,1
orient,1,1,1,1,1,1,1,1,1,1,1,1,1,1
judgment,1,1,1,1,1,1,1,1,1,1,1,1,1,1
commun,1,1,1,1,1,1,1,1,1,1,1,1,1,1
homehobb,1,1,1,1,1,1,1,1,1,1,1,1,1,1
perscare,1,1,1,1,1,1,1,1,1,1,1,1,1,1
cdrsum,1,1,1,1,1,1,1,1,1,1,1,1,1,1
cdrglob,1,1,1,1,1,1,1,1,1,1,1,1,1,1
comport,1,1,1,1,1,1,1,1,1,1,1,1,,
cdrlang,1,1,1,1,1,1,1,1,1,1,1,1,,
frmdateb5,1,1,,,,,,,,,,,,
initialsb5,1,1,,,,,,,,,,,,
langb5,1,1,1,1,1,1,1,1,1,,,,,
modeb5,1,1,,,,,,,,,,,,
rmreasb5,1,1,,,,,,,,,,,,
rmmodeb5,1,1,,,,,,,,,,,,
b5not,1,1,1,1,1,1,1,1,1,1,1,1,1,1
npiqinf,1,1,1,1,1,1,1,1,1,1,1,1,1,1
npiqinfx,1,1,1,1,1,1,1,1,1,1,1,1,1,1
del,1,1,1,1,1,1,1,1,1,1,1,1,1,1
delsev,1,1,1,1,1,1,1,1,1,1,1,1,1,1
hall,1,1,1,1,1,1,1,1,1,1,1,1,1,1
hallsev,1,1,1,1,1,1,1,1,1,1,1,1,1,1
agit,1,1,1,1,1,1,1,1,1,1,1,1,1,1
agitsev,1,1,1,1,1,1,1,1,1,1,1,1,1,1
depd,1,1,1,1,1,1,1,1,1,1,1,1,1,1
depdsev,1,1,1,1,1,1,1,1,1,1,1,1,1,1
anx,1,1,1,1,1,1,1,1,1,1,1,1,1,1
anxsev,1,1,1,1,1,1,1,1,1,1,1,1,1,1
elat,1,1,1,1,1,1,1,1,1,1,1,1,1,1
elatsev,1,1,1,1,1,1,1,1,1,1,1,1,1,1
apa,1,1,1,1,1,1,1,1,1,1,1,1,1,1
apasev,1,1,1,1,1,1,1,1,1,1,1,1,1,1
disn,1,1,1,1,1,1,1,1,1,1,1,1,1,1
disnsev,1,1,1,1,1,1,1,1,1,1,1,1,1,1
irr,1,1,1,1,1,1,1,1,1,1,1,1,1,1
irrsev,1,1,1,1,1,1,1,1,1,1,1,1,1,1
mot,1,1,1,1,1,1,1,1,1,1,1,1,1,1
motsev,1,1,1,1,1,1,1,1,1,1,1,1,1,1
nite,1,1,1,1,1,1,1,1,1,1,1,1,1,1
nitesev,1,1,1,1,1,1,1,1,1,1,1,1,1,1
app,1,1,1,1,1,1,1,1,1,1,1,1,1,1
appsev,1,1,1,1,1,1,1,1,1,1,1,1,1,1
frmdateb6,1,1,,,,,,,,,,,,
initialsb6,1,1,,,,,,,,,,,,
langb6,1,1,1,1,1,1,1,1,,,,,,
modeb6,1,1,,,,,,,,,,,,
rmreasb6,1,1,,,,,,,,,,,,
rmmodeb6,1,1,,,,,,,,,,,,
b6not,1,1,1,1,1,1,1,1,,1,1,,1,1
nogds,1,1,1,1,1,1,1,1,,1,1,,1,1
satis,1,1,1,1,1,1,1,1,,1,1,,1,1
dropact,1,1,1,1,1,1,1,1,,1,1,,1,1
empty,1,1,1,1,1,1,1,1,,1,1,,1,1
bored,1,1,1,1,1,1,1,1,,1,1,,1,1
spirits,1,1,1,1,1,1,1,1,,1,1,,1,1
afraid,1,1,1,1,1,1,1,1,,1,1,,1,1
happy,1,1,1,1,1,1,1,1,,1,1,,1,1
helpless,1,1,1,1,1,1,1,1,,1,1,,1,1
stayhome,1,1,1,1,1,1,1,1,,1,1,,1,1
memprob,1,1,1,1,1,1,1,1,,1,1,,1,1
wondrful,1,1,1,1,1,1,1,1,,1,1,,1,1
wrthless,1,1,1,1,1,1,1,1,,1,1,,1,1
energy,1,1,1,1,1,1,1,1,,1,1,,1,1
hopeless,1,1,1,1,1,1,1,1,,1,1,,1,1
better,1,1,1,1,1,1,1,1,,1,1,,1,1
gds,1,1,1,1,1,1,1,1,,1,1,,1,1
frmdateb7,1,1,,,,,,,,,,,,
initialsb7,1,1,,,,,,,,,,,,
langb7,1,1,1,1,1,1,1,1,1,,,,,
modeb7,1,1,,,,,,,,,,,,
rmreasb7,1,1,,,,,,,,,,,,
rmmodeb7,1,1,,,,,,,,,,,,
b7not,1,1,1,1,1,1,1,1,1,1,1,1,1,1
bills,1,1,1,1,1,1,1,1,1,1,1,1,1,1
taxes,1,1,1,1,1,1,1,1,1,1,1,1,1,1
shopping,1,1,1,1,1,1,1,1,1,1,1,1,1,1
games,1,1,1,1,1,1,1,1,1,1,1,1,1,1
stove,1,1,1,1,1,1,1,1,1,1,1,1,1,1
mealprep,1,1,1,1,1,1,1,1,1,1,1,1,1,1
events,1,1,1,1,1,1,1,1,1,1,1,1,1,1
payattn,1,1,1,1,1,1,1,1,1,1,1,1,1,1
remdates,1,1,1,1,1,1,1,1,1,1,1,1,1,1
travel,1,1,1,1,1,1,1,1,1,1,1,1,1,1
frmdateb8,1,1,,,,,,,,,,,,
initialsb8,1,1,,,,,,,,,,,,
langb8,1,1,1,1,,1,1,1,,,,,,
modeb8,1,1,,,,,,,,,,,,
rmreasb8,1,1,,,,,,,,,,,,
rmmodeb8,1,1,,,,,,,,,,,,
neurexam,1,1,,,,,,,,,,,,
normnrexam,1,1,,,,,,,,,,,,
parksign,1,1,1,1,,1,1,1,,,,,,
slowingfm,1,1,,,,,,,,,,,,
tremrest,1,1,,,,,,,,,,,,
trempost,1,1,,,,,,,,,,,,
tremkine,1,1,,,,,,,,,,,,
rigidarm,1,1,,,,,,,,,,,,
rigidleg,1,1,,,,,,,,,,,,
dystarm,1,1,,,,,,,,,,,,
dystleg,1,1,,,,,,,,,,,,
chorea,1,1,,,,,,,,,,,,
ampmotor,1,1,,,,,,,,,,,,
axialrig,1,1,,,,,,,,,,,,
postinst,1,1,1,1,,1,1,1,,,,,,
masking,1,1,,,,,,,,,,,,
stooped,1,1,,,,,,,,,,,,
othersign,1,1,,,,,,,,,,,,
limbaprax,1,1,,,,,,,,,,,,
umndist,1,1,,,,,,,,,,,,
lmndist,1,1,,,,,,,,,,,,
vfieldcut,1,1,,,,,,,,,,,,
limbatax,1,1,,,,,,,,,,,,
myoclon,1,1,,,,,,,,,,,,
unisomato,1,1,,,,,,,,,,,,
aphasia,1,1,,,,,,,,,,,,
alienlimb,1,1,,,,,,,,,,,,
hspatneg,1,1,,,,,,,,,,,,
pspoagno,1,1,,,,,,,,,,,,
smtagno,1,1,,,,,,,,,,,,
opticatax,1,1,,,,,,,,,,,,
apraxgaze,1,1,,,,,,,,,,,,
vhgazepal,1,1,,,,,,,,,,,,
dysarth,1,1,,,,,,,,,,,,
apraxsp,1,1,1,1,,1,1,1,,,,,,
gaitabn,1,1,,,,,,,,,,,,
gaitfind,1,1,,,,,,,,,,,,
gaitothrx,1,1,,,,,,,,,,,,
frmdateb9,1,1,,,,,,,,,,,,
initialsb9,1,1,,,,,,,,,,,,
langb9,1,1,1,1,1,1,1,1,1,,,,,
modeb9,1,1,,,,,,,,,,,,
rmreasb9,1,1,,,,,,,,,,,,
rmmodeb9,1,1,,,,,,,,,,,,
deccog,1,1,,,,,,,,,,,,
decmot,1,1,,,,,,,,,,,,
psychsym,1,1,,,,,,,,,,,,
deccogin,1,1,,,,,,,,,,,,
decmotin,1,1,,,,,,,,,,,,
psychsymin,1,1,,,,,,,,,,,,
decclin,1,1,,,,,,,,1,1,1,1,1
decclcog,1,1,1,1,1,1,1,1,1,,,,,
cogmem,1,1,1,1,1,1,1,1,1,1,1,1,1,1
cogori,1,1,1,1,1,1,1,1,1,,,,,
cogjudg,1,1,1,1,1,1,1,1,1,1,1,1,1,1
coglang,1,1,1,1,1,1,1,1,1,1,1,1,1,1
cogvis,1,1,1,1,1,1,1,1,1,1,1,1,1,1
cogattn,1,1,1,1,1,1,1,1,1,1,1,1,1,1
cogfluc,1,1,1,1,1,1,1,1,1,1,1,1,,
cogothr,1,1,1,1,1,1,1,1,1,1,1,1,1,1
cogothrx,1,1,1,1,1,1,1,1,1,1,1,1,1,1
cogage,1,1,,,,,,,,,,,,
cogmode,1,1,1,1,1,1,1,1,1,1,1,1,1,1
cogmodex,1,1,1,1,1,1,1,1,1,1,1,1,1,1
decclbe,1,1,1,1,1,1,1,1,1,,,,,
beapathy,1,1,1,1,1,1,1,1,1,1,1,1,1,1
bedep,1,1,1,1,1,1,1,1,1,1,1,1,1,1
beanx,1,1,1,1,1,1,1,1,1,,,,,
beeuph,1,1,,,,,,,,,,,,
beirrit,1,1,1,1,1,1,1,1,1,1,1,1,1,1
beagit,1,1,1,1,1,1,1,1,1,1,1,1,1,1
behage,1,1,,,,,,,,,,,,
bevhall,1,1,1,1,1,1,1,1,1,1,1,1,1,1
bevpatt,1,1,,,,,,,,,,,,
bevwell,1,1,1,1,1,1,1,1,1,1,1,1,,
beahall,1,1,1,1,1,1,1,1,1,1,1,1,1,1
beahsimp,1,1,,,,,,,,,,,,
beahcomp,1,1,,,,,,,,,,,,
bedel,1,1,1,1,1,1,1,1,1,1,1,1,1,1
beaggrs,1,1,,,,,,,,,,,,
psychage,1,1,,,,,,,,,,,,
bedisin,1,1,1,1,1,1,1,1,1,1,1,1,1,1
beperch,1,1,1,1,1,1,1,1,1,1,1,1,1,1
beempath,1,1,,,,,,,,,,,,
beobcom,1,1,,,,,,,,,,,,
beanger,1,1,,,,,,,,,,,,
besubab,1,1,,,,,,,,,,,,
alcuse,1,1,,,,,,,,,,,,
seduse,1,1,,,,,,,,,,,,
opiateuse,1,1,,,,,,,,,,,,
cocaineuse,1,1,,,,,,,,,,,,
cannabuse,1,1,,,,,,,,,,,,
othsubuse,1,1,,,,,,,,,,,,
othsubusex,1,1,,,,,,,,,,,,
perchage,1,1,,,,,,,,,,,,
berem,1,1,1,1,1,1,1,1,1,1,1,1,,
beremago,1,1,1,1,1,1,1,1,1,,,,,
beremconf,1,1,,,,,,,,,,,,
beothr,1,1,1,1,1,1,1,1,1,1,1,1,1,1
beothrx,1,1,1,1,1,1,1,1,1,1,1,1,1,1
bemode,1,1,1,1,1,1,1,1,1,1,1,1,1,1
bemodex,1,1,1,1,1,1,1,1,1,1,1,1,1,1
decclmot,1,1,1,1,1,1,1,1,1,,,,,
mogait,1,1,1,1,1,1,1,1,1,1,1,1,1,1
mofalls,1,1,1,1,1,1,1,1,1,1,1,1,1,1
moslow,1,1,1,1,1,1,1,1,1,1,1,1,1,1
motrem,1,1,1,1,1,1,1,1,1,1,1,1,1,1
molimb,1,1,,,,,,,,,,,,
moface,1,1,,,,,,,,,,,,
mospeech,1,1,,,,,,,,,,,,
motorage,1,1,,,,,,,,,,,,
momode,1,1,1,1,1,1,1,1,1,1,1,1,1,1
momodex,1,1,1,1,1,1,1,1,1,1,1,1,1,1
momopark,1,1,1,1,1,1,1,1,1,1,1,1,,
momoals,1,1,1,1,1,1,1,1,1,,,,,
course,1,1,1,1,1,1,1,1,1,1,1,1,1,1
frstchg,1,1,1,1,1,1,1,1,1,1,1,1,1,1
frmdatec2c2t,1,1,,,,,,,,,,,,
initialsc2c2t,1,1,,,,,,,,,,,,
langc2c2t,1,1,,,,,,,,,,,,
modec2c2t,1,1,,,,,,,,,,,,
rmreasc2c2t,1,1,,,,,,,,,,,,
rmmodec2c2t,1,1,,,,,,,,,,,,
mocacomp,1,1,1,1,1,1,1,1,,,,,,
mocareas,1,1,1,1,1,1,1,1,,,,,,
mocaloc,1,1,1,1,,1,1,,,,,,,
mocalan,1,1,1,1,1,1,1,1,,,,,,
mocalanx,1,1,1,1,1,1,1,1,,,,,,
mocavis,1,1,1,1,,1,1,,,,,,,
mocahear,1,1,1,1,1,1,1,1,,,,,,
mocatots,1,1,1,1,,1,1,,,,,,,
mocatrai,1,1,1,1,,1,1,,,,,,,
mocacube,1,1,1,1,,1,1,,,,,,,
mocacloc,1,1,1,1,,1,1,,,,,,,
mocaclon,1,1,1,1,,1,1,,,,,,,
mocacloh,1,1,1,1,,1,1,,,,,,,
mocanami,1,1,1,1,,1,1,,,,,,,
mocaregi,1,1,1,1,,1,1,,,,,,,
mocadigi,1,1,1,1,1,1,1,1,,,,,,
mocalett,1,1,1,1,1,1,1,1,,,,,,
mocaser7,1,1,1,1,1,1,1,1,,,,,,
mocarepe,1,1,1,1,1,1,1,1,,,,,,
mocaflue,1,1,1,1,1,1,1,1,,,,,,
mocaabst,1,1,1,1,1,1,1,1,,,,,,
mocarecn,1,1,1,1,1,1,1,1,,,,,,
mocarecc,1,1,1,1,1,1,1,1,,,,,,
mocarecr,1,1,1,1,1,1,1,1,,,,,,
mocaordt,1,1,1,1,1,1,1,1,,,,,,
mocaormo,1,1,1,1,1,1,1,1,,,,,,
mocaoryr,1,1,1,1,1,1,1,1,,,,,,
mocaordy,1,1,1,1,1,1,1,1,,,,,,
mocaorpl,1,1,1,1,1,1,1,1,,,,,,
mocaorct,1,1,1,1,1,1,1,1,,,,,,
npsycloc,1,1,1,1,,1,1,,,1,1,,1,1
npsylan,1,1,1,1,1,1,1,1,,1,1,,1,1
npsylanx,1,1,1,1,1,1,1,1,,1,1,,1,1
craftvrs,1,1,1,1,1,1,1,1,,,,,,
crafturs,1,1,1,1,1,1,1,1,,,,,,
udsbentc,1,1,1,1,,1,1,,,,,,,
digforct,1,1,1,1,1,1,1,1,,,,,,
digforsl,1,1,1,1,1,1,1,1,,,,,,
digbacct,1,1,1,1,1,1,1,1,,,,,,
digbacls,1,1,1,1,1,1,1,1,,,,,,
animals,1,1,1,1,1,1,1,1,,1,1,,1,1
veg,1,1,1,1,1,1,1,1,,1,1,,1,1
traila,1,1,1,1,,1,1,,,1,1,,1,1
trailarr,1,1,1,1,,1,1,,,1,1,,,
trailali,1,1,1,1,,1,1,,,1,1,,,
trailb,1,1,1,1,,1,1,,,1,1,,1,1
trailbrr,1,1,1,1,,1,1,,,1,1,,,
trailbli,1,1,1,1,,1,1,,,1,1,,,
udsbentd,1,1,1,1,,1,1,,,,,,,
udsbenrs,1,1,1,1,,1,1,,,,,,,
craftdvr,1,1,1,1,1,1,1,1,,,,,,
craftdre,1,1,1,1,1,1,1,1,,,,,,
craftdti,1,1,1,1,1,1,1,1,,,,,,
craftcue,1,1,1,1,1,1,1,1,,,,,,
udsverfc,1,1,1,1,1,1,1,1,,,,,,
udsverfn,1,1,1,1,1,1,1,1,,,,,,
udsvernf,1,1,1,1,1,1,1,1,,,,,,
udsverlc,1,1,1,1,1,1,1,1,,,,,,
udsverlr,1,1,1,1,1,1,1,1,,,,,,
udsverln,1,1,1,1,1,1,1,1,,,,,,
udsvertn,1,1,1,1,1,1,1,1,,,,,,
udsverte,1,1,1,1,1,1,1,1,,,,,,
udsverti,1,1,1,1,1,1,1,1,,,,,,
verbaltest,1,1,,,,,,,,,,,,
rey1rec,1,1,,,1,,,1,,,,,,
rey1int,1,1,,,1,,,1,,,,,,
rey2rec,1,1,,,1,,,1,,,,,,
rey2int,1,1,,,1,,,1,,,,,,
rey3rec,1,1,,,1,,,1,,,,,,
rey3int,1,1,,,1,,,1,,,,,,
rey4rec,1,1,,,1,,,1,,,,,,
rey4int,1,1,,,1,,,1,,,,,,
rey5rec,1,1,,,1,,,1,,,,,,
rey5int,1,1,,,1,,,1,,,,,,
reybrec,1,1,,,,,,,,,,,,
reybint,1,1,,,,,,,,,,,,
rey6rec,1,1,,,1,,,1,,,,,,
rey6int,1,1,,,1,,,1,,,,,,
reydrec,1,1,,,1,,,1,,,,,,
reydint,1,1,,,1,,,1,,,,,,
reydti,1,1,,,,,,,,,,,,
reymethod,1,1,,,,,,,,,,,,
reytcor,1,1,,,1,,,1,,,,,,
reyfpos,1,1,,,1,,,1,,,,,,
cerad1rec,1,1,,,,,,,,,,,,
cerad1read,1,1,,,,,,,,,,,,
cerad1int,1,1,,,,,,,,,,,,
cerad2rec,1,1,,,,,,,,,,,,
cerad2read,1,1,,,,,,,,,,,,
cerad2int,1,1,,,,,,,,,,,,
cerad3rec,1,1,,,,,,,,,,,,
cerad3read,1,1,,,,,,,,,,,,
cerad3int,1,1,,,,,,,,,,,,
ceraddti,1,1,,,,,,,,,,,,
ceradj6rec,1,1,,,,,,,,,,,,
ceradj6int,1,1,,,,,,,,,,,,
ceradj7yes,1,1,,,,,,,,,,,,
ceradj7no,1,1,,,,,,,,,,,,
minttots,1,1,1,1,,1,1,,,,,,,
minttotw,1,1,1,1,,1,1,,,,,,,
mintscng,1,1,1,1,,1,1,,,,,,,
mintscnc,1,1,1,1,,1,1,,,,,,,
mintpcng,1,1,1,1,,1,1,,,,,,,
mintpcnc,1,1,1,1,,1,1,,,,,,,
cogstat,1,1,1,1,1,1,1,1,,1,1,,1,1
respval,1,1,,,1,,,1,,,,,,
resphear,1,1,,,1,,,1,,,,,,
respdist,1,1,,,1,,,1,,,,,,
respintr,1,1,,,1,,,1,,,,,,
respdisn,1,1,,,1,,,1,,,,,,
respfatg,1,1,,,1,,,1,,,,,,
respemot,1,1,,,1,,,1,,,,,,
respasst,1,1,,,1,,,1,,,,,,
respoth,1,1,,,1,,,1,,,,,,
respothx,1,1,,,1,,,1,,,,,,
mocbtots,1,1,,,1,,,1,,,,,,
otraila,1,1,,,1,,,1,,,,,,
otrlarr,1,1,,,1,,,1,,,,,,
otrlali,1,1,,,1,,,1,,,,,,
otrailb,1,1,,,1,,,1,,,,,,
otrlbrr,1,1,,,1,,,1,,,,,,
otrlbli,1,1,,,1,,,1,,,,,,
vnttotw,1,1,,,1,,,1,,,,,,
vntpcnc,1,1,,,1,,,1,,,,,,
frmdated1a,1,1,,,,,,,,,,,,
initialsd1a,1,1,,,,,,,,,,,,
langd1a,1,1,,,,,,,,,,,,
dxmethod,1,1,1,1,1,1,1,1,1,,,,,
normcog,1,1,1,1,1,1,1,1,1,1,1,1,1,1
scd,1,1,,,,,,,,,,,,
scddxconf,1,1,,,,,,,,,,,,
demented,1,1,1,1,1,1,1,1,1,1,1,1,1,1
mcicritcln,1,1,,,,,,,,,,,,
mcicritimp,1,1,,,,,,,,,,,,
mcicritfun,1,1,,,,,,,,,,,,
mci ,1,1,,,,,,,,,,,,
impnomcifu,1,1,,,,,,,,,,,,
impnomcicg,1,1,,,,,,,,,,,,
impnomclcd,1,1,,,,,,,,,,,,
impnomcio,1,1,,,,,,,,,,,,
impnomciox,1,1,,,,,,,,,,,,
impnomci,1,1,1,1,1,1,1,1,1,1,1,1,1,1
cdommem ,1,1,,,,,,,,,,,,
cdomlang,1,1,,,,,,,,,,,,
cdomattn ,1,1,,,,,,,,,,,,
cdomexec,1,1,,,,,,,,,,,,
cdomvisu,1,1,,,,,,,,,,,,
cdombeh,1,1,,,,,,,,,,,,
cdomaprax,1,1,,,,,,,,,,,,
mbi,1,1,,,,,,,,,,,,
bdommot,1,1,,,,,,,,,,,,
bdomafreg,1,1,,,,,,,,,,,,
bdomimp,1,1,,,,,,,,,,,,
bdomsocial,1,1,,,,,,,,,,,,
bdomthts,1,1,,,,,,,,,,,,
predomsyn,1,1,,,,,,,,,,,,
amndem,1,1,1,1,1,1,1,1,1,,,,,
dyexecsyn,1,1,,,,,,,,,,,,
pca,1,1,1,1,1,1,1,1,1,,,,,
ppasyn,1,1,1,1,1,1,1,1,1,,,,,
ppasynt,1,1,1,1,1,1,1,1,1,,,,,
ftdsyn,1,1,1,1,1,1,1,1,1,,,,,
lbdsyn,1,1,1,1,1,1,1,1,1,,,,,
lbdsynt,1,1,,,,,,,,,,,,
namndem,1,1,1,1,1,1,1,1,1,,,,,
pspsyn,1,1,,,,,,,,,,,,
pspsynt,1,1,,,,,,,,,,,,
ctesyn,1,1,,,,,,,,,,,,
cbssyn,1,1,,,,,,,,,,,,
msasyn,1,1,,,,,,,,,,,,
msasynt,1,1,,,,,,,,,,,,
othsyn,1,1,,,,,,,,,,,,
othsynx,1,1,,,,,,,,,,,,
syninfclin,1,1,,,,,,,,,,,,
syninfctst,1,1,,,,,,,,,,,,
syninfbiom,1,1,,,,,,,,,,,,
majdepdx,1,1,,,,,,,,,,,,
majdepdif,1,1,,,,,,,,,,,,
othdepdx,1,1,,,,,,,,,,,,
othdepdif,1,1,,,,,,,,,,,,
bipoldx,1,1,1,1,1,1,1,1,1,,,,,
bipoldif,1,1,1,1,1,1,1,1,1,,,,,
schizop,1,1,1,1,1,1,1,1,1,,,,,
schizoif,1,1,1,1,1,1,1,1,1,,,,,
anxiet,1,1,1,1,1,1,1,1,1,,,,,
anxietif,1,1,1,1,1,1,1,1,1,,,,,
genanx,1,1,,,,,,,,,,,,
panicdisdx,1,1,,,,,,,,,,,,
ocddx,1,1,,,,,,,,,,,,
othanxd,1,1,,,,,,,,,,,,
othanxdx,1,1,,,,,,,,,,,,
ptsddx,1,1,1,1,1,1,1,1,1,,,,,
ptsddxif,1,1,1,1,1,1,1,1,1,,,,,
ndevdis,1,1,,,,,,,,,,,,
ndevdisif,1,1,,,,,,,,,,,,
delir,1,1,1,1,1,1,1,1,1,,,,,
delirif,1,1,1,1,1,1,1,1,1,,,,,
othpsy,1,1,1,1,1,1,1,1,1,1,1,1,1,1
othpsyif,1,1,1,1,1,1,1,1,1,1,1,1,1,1
othpsyx,1,1,1,1,1,1,1,1,1,,,,,
tbidx,1,1,,,,,,,,,,,,
tbidxif,1,1,,,,,,,,,,,,
epilep,1,1,1,1,1,1,1,1,1,,,,,
epilepif,1,1,1,1,1,1,1,1,1,,,,,
hyceph,1,1,1,1,1,1,1,1,1,1,1,1,1,1
hycephif,1,1,1,1,1,1,1,1,1,1,1,1,1,1
neop,1,1,1,1,1,1,1,1,1,1,1,1,1,1
neopif,1,1,1,1,1,1,1,1,1,1,1,1,1,1
neopstat,1,1,1,1,1,1,1,1,1,,,,,
hiv,1,1,1,1,1,1,1,1,1,,,,,
hivif,1,1,1,1,1,1,1,1,1,,,,,
postc19,1,1,,,,,,,,,,,,
postc19if,1,1,,,,,,,,,,,,
apneadx,1,1,,,,,,,,,,,,
apneadxif,1,1,,,,,,,,,,,,
othcogill,1,1,,,,,,,,,,,,
othcillif ,1,1,,,,,,,,,,,,
othcogillx,1,1,,,,,,,,,,,,
alcdem,1,1,1,1,1,1,1,1,1,1,1,1,1,1
alcdemif,1,1,1,1,1,1,1,1,1,1,1,1,1,1
impsub,1,1,1,1,1,1,1,1,1,,,,,
impsubif,1,1,1,1,1,1,1,1,1,,,,,
meds,1,1,1,1,1,1,1,1,1,1,1,1,1,1
medsif,1,1,1,1,1,1,1,1,1,1,1,1,1,1
cogoth,1,1,1,1,1,1,1,1,1,1,1,1,1,1
cogothif,1,1,1,1,1,1,1,1,1,1,1,1,1,1
cogothx,1,1,1,1,1,1,1,1,1,1,1,1,1,1
cogoth2,1,1,1,1,1,1,1,1,1,1,1,1,,
cogoth2f,1,1,1,1,1,1,1,1,1,1,1,1,,
cogoth2x,1,1,1,1,1,1,1,1,1,1,1,1,,
cogoth3,1,1,1,1,1,1,1,1,1,1,1,1,,
cogoth3f,1,1,1,1,1,1,1,1,1,1,1,1,,
cogoth3x,1,1,1,1,1,1,1,1,1,1,1,1,,
frmdated1b,1,1,,,,,,,,,,,,
initialsd1b,1,1,,,,,,,,,,,,
langd1b,1,1,,,,,,,,,,,,
biomarkdx,1,1,,,,,,,,,,,,
fluidbiom,1,1,,,,,,,,,,,,
bloodad,1,1,,,,,,,,,,,,
bloodftld,1,1,,,,,,,,,,,,
bloodlbd,1,1,,,,,,,,,,,,
bloodoth,1,1,,,,,,,,,,,,
bloodothx,1,1,,,,,,,,,,,,
csfad,1,1,,,,,,,,,,,,
csfftld,1,1,,,,,,,,,,,,
csflbd,1,1,,,,,,,,,,,,
csfoth,1,1,,,,,,,,,,,,
csfothx,1,1,,,,,,,,,,,,
imagingdx,1,1,,,,,,,,,,,,
petdx,1,1,,,,,,,,,,,,
amylpet,1,1,1,1,1,1,1,1,1,,,,,
taupet,1,1,,,,,,,,,,,,
fdgpetdx,1,1,,,,,,,,,,,,
fdgad,1,1,1,1,1,1,1,1,1,,,,,
fdgftld,1,1,1,1,1,1,1,1,1,,,,,
fdglbd,1,1,,,,,,,,,,,,
fdgoth,1,1,,,,,,,,,,,,
fdgothx,1,1,,,,,,,,,,,,
datscandx,1,1,,,,,,,,,,,,
tracothdx,1,1,,,,,,,,,,,,
tracothdxx,1,1,,,,,,,,,,,,
tracerad,1,1,,,,,,,,,,,,
tracerftld,1,1,,,,,,,,,,,,
tracerlbd,1,1,,,,,,,,,,,,
traceroth,1,1,,,,,,,,,,,,
tracerothx,1,1,,,,,,,,,,,,
structdx,1,1,,,,,,,,,,,,
structad,1,1,,,,,,,,,,,,
structftld,1,1,,,,,,,,,,,,
structcvd,1,1,,,,,,,,,,,,
imaglinf,1,1,1,1,1,1,1,1,1,,,,,
imaglac,1,1,1,1,1,1,1,1,1,,,,,
imagmach,1,1,1,1,1,1,1,1,1,,,,,
imagmich,1,1,1,1,1,1,1,1,1,,,,,
imagwmh,1,1,,,,,,,,,,,,
imagwmhsev,1,1,,,,,,,,,,,,
othbiom1,1,1,,,,,,,,,,,,
othbiomx1,1,1,,,,,,,,,,,,
biomad1,1,1,,,,,,,,,,,,
biomftld1,1,1,,,,,,,,,,,,
biomlbd1,1,1,,,,,,,,,,,,
biomoth1,1,1,,,,,,,,,,,,
biomothx1,1,1,,,,,,,,,,,,
othbiom2,1,1,,,,,,,,,,,,
othbiomx2,1,1,,,,,,,,,,,,
biomad2,1,1,,,,,,,,,,,,
biomftld2,1,1,,,,,,,,,,,,
biomlbd2,1,1,,,,,,,,,,,,
biomoth2,1,1,,,,,,,,,,,,
biomothx2,1,1,,,,,,,,,,,,
othbiom3,1,1,,,,,,,,,,,,
othbiomx3,1,1,,,,,,,,,,,,
biomad3,1,1,,,,,,,,,,,,
biomftld3,1,1,,,,,,,,,,,,
biomlbd3,1,1,,,,,,,,,,,,
biomoth3,1,1,,,,,,,,,,,,
biomothx3,1,1,,,,,,,,,,,,
autdommut,1,1,,,,,,,,,,,,
alzdis,1,1,1,1,1,1,1,1,1,,,,,
alzdisif,1,1,1,1,1,1,1,1,1,,,,,
lbdis,1,1,1,1,1,1,1,1,1,,,,,
lbdif,1,1,1,1,1,1,1,1,1,,,,,
ftld,1,1,,,,,,,,,,,,
psp,1,1,1,1,1,1,1,1,1,1,1,1,1,1
pspif,1,1,1,1,1,1,1,1,1,1,1,1,1,1
cort,1,1,1,1,1,1,1,1,1,1,1,1,1,1
cortif,1,1,1,1,1,1,1,1,1,1,1,1,1,1
ftldmo,1,1,1,1,1,1,1,1,1,,,,,
ftldmoif,1,1,1,1,1,1,1,1,1,,,,,
ftldnos,1,1,1,1,1,1,1,1,1,,,,,
ftldnoif,1,1,1,1,1,1,1,1,1,,,,,
ftldsubt,1,1,1,1,1,1,1,1,1,,,,,
ftldsubx,1,1,1,1,1,1,1,1,1,,,,,
cvd,1,1,1,1,1,1,1,1,1,,,,,
cvdif,1,1,1,1,1,1,1,1,1,,,,,
msa,1,1,1,1,1,1,1,1,1,,,,,
msaif,1,1,1,1,1,1,1,1,1,,,,,
cte,1,1,,,,,,,,,,,,
cteif,1,1,,,,,,,,,,,,
ctecert,1,1,,,,,,,,,,,,
downs,1,1,1,1,1,1,1,1,1,1,1,1,1,1
downsif,1,1,1,1,1,1,1,1,1,1,1,1,1,1
hunt,1,1,1,1,1,1,1,1,1,1,1,1,1,1
huntif,1,1,1,1,1,1,1,1,1,1,1,1,1,1
prion,1,1,1,1,1,1,1,1,1,1,1,1,1,1
prionif,1,1,1,1,1,1,1,1,1,1,1,1,1,1
caa,1,1,,,,,,,,,,,,
caaif,1,1,,,,,,,,,,,,
late,1,1,,,,,,,,,,,,
lateif,1,1,,,,,,,,,,,,
othcog,1,1,1,1,1,1,1,1,1,,,,,
othcogif,1,1,1,1,1,1,1,1,1,,,,,
othcogx,1,1,1,1,1,1,1,1,1,,,,,
frmdated1c,1,,,,,,,,,,,,,
initialsd1c,1,,,,,,,,,,,,,
langd1c,1,,,,,,,,,,,,,
dxplsmabio,1,,,,,,,,,,,,,
dxptau217,1,,,,,,,,,,,,,
ptau217rs,1,,,,,,,,,,,,,
pt217anlys,1,,,,,,,,,,,,,
dxpcpt217,1,,,,,,,,,,,,,
pcpt217rs,1,,,,,,,,,,,,,
dxothplsma,1,,,,,,,,,,,,,
dxothplsmx,1,,,,,,,,,,,,,
othplsmars,1,,,,,,,,,,,,,
oplsmanlys,1,,,,,,,,,,,,,
dxcsfbio,1,,,,,,,,,,,,,
dxpt181ab,1,,,,,,,,,,,,,
pt181abrs,1,,,,,,,,,,,,,
pt181abays,1,,,,,,,,,,,,,
dxttabeta,1,,,,,,,,,,,,,
ttabetars,1,,,,,,,,,,,,,
dxab42ab40,1,,,,,,,,,,,,,
ab42ab40rs,1,,,,,,,,,,,,,
ab42ab40ay,1,,,,,,,,,,,,,
dxothcsf,1,,,,,,,,,,,,,
dxothcsfx,1,,,,,,,,,,,,,
othcsfrs,1,,,,,,,,,,,,,
ocsfanlys,1,,,,,,,,,,,,,
dxapet,1,,,,,,,,,,,,,
apetrs,1,,,,,,,,,,,,,
apetvis,1,,,,,,,,,,,,,
apetquant,1,,,,,,,,,,,,,
apetanlys,1,,,,,,,,,,,,,
dxtaupet,1,,,,,,,,,,,,,
tpetmtlrs,1,,,,,,,,,,,,,
tpetmtlvis,1,,,,,,,,,,,,,
tpetmtlqnt,1,,,,,,,,,,,,,
tpetmtlays,1,,,,,,,,,,,,,
tpetneors,1,,,,,,,,,,,,,
newinf,,1,,1,1,,1,,1,,1,1,,1
nwinfpar,,1,,1,1,,1,,1,,,,,
nwinfsib,,1,,1,1,,1,,1,,,,,
nwinfkid,,1,,1,1,,1,,1,,,,,
newtreat,,1,,,,,,,,,,,,
newadevent,,1,,,,,,,,,,,,
bpsys,,,1,1,,1,1,,,1,1,,1,1
bpdias,,,1,1,,1,1,,,1,1,,1,1
vision,,,1,1,,1,1,1,,1,1,,1,1
viscorr,,,1,1,,1,1,1,,1,1,,1,1
viswcorr,,,1,1,,1,1,1,,1,1,,1,1
hearing,,,1,1,,1,1,1,,1,1,,1,1
hearaid,,,1,1,,1,1,1,,1,1,,1,1
hearwaid,,,1,1,,1,1,1,,1,1,,1,1
langt1,,,,,1,,,1,1,,,,,
a3sub,,,1,1,1,1,1,1,1,1,1,1,1,1
a3not,,,1,1,1,1,1,1,1,1,1,1,1,1
a4sub,,,1,1,1,1,1,1,1,1,1,1,1,1
a4not,,,1,1,1,1,1,1,1,1,1,1,1,1
langa5,,,1,,,1,,1,,,,,,
b5sub,,,1,1,1,1,1,1,1,1,1,1,1,1
b6sub,,,1,1,1,1,1,1,,1,1,,1,1
b7sub,,,1,1,1,1,1,1,1,1,1,1,1,1
b8sub,,,,,,,,1,,1,1,,1,1
b8not,,,,,,,,1,,1,1,,1,1
langc2,,,1,1,,1,1,1,,,,,,
langd1,,,1,1,1,1,1,1,1,,,,,
langd2,,,1,1,1,1,1,1,1,,,,,
langcls,,,1,1,1,1,1,1,1,,,,,
clssub,,,1,1,1,1,1,1,1,,,,,
mciamem,,,1,1,1,1,1,1,1,1,1,1,1,1
mciaplus,,,1,1,1,1,1,1,1,1,1,1,1,1
mciaplan,,,1,1,1,1,1,1,1,1,1,1,1,1
mciapatt,,,1,1,1,1,1,1,1,1,1,1,1,1
mciapex,,,1,1,1,1,1,1,1,1,1,1,1,1
mciapvis,,,1,1,1,1,1,1,1,1,1,1,1,1
mcinon1,,,1,1,1,1,1,1,1,1,1,1,1,1
mcin1lan,,,1,1,1,1,1,1,1,1,1,1,1,1
mcin1att,,,1,1,1,1,1,1,1,1,1,1,1,1
mcin1ex,,,1,1,1,1,1,1,1,1,1,1,1,1
mcin1vis,,,1,1,1,1,1,1,1,1,1,1,1,1
mcinon2,,,1,1,1,1,1,1,1,1,1,1,1,1
mcin2lan,,,1,1,1,1,1,1,1,1,1,1,1,1
mcin2att,,,1,1,1,1,1,1,1,1,1,1,1,1
mcin2ex,,,1,1,1,1,1,1,1,1,1,1,1,1
mcin2vis,,,1,1,1,1,1,1,1,1,1,1,1,1
amylcsf,,,1,1,1,1,1,1,1,,,,,
hippatr,,,1,1,1,1,1,1,1,,,,,
taupetad,,,1,1,1,1,1,1,1,,,,,
csftau,,,1,1,1,1,1,1,1,,,,,
tpetftld,,,1,1,1,1,1,1,1,,,,,
mrftld,,,1,1,1,1,1,1,1,,,,,
datscan,,,1,1,1,1,1,1,1,,,,,
othbiom,,,1,1,1,1,1,1,1,,,,,
othbiomx,,,1,1,1,1,1,1,1,,,,,
imagmwmh,,,1,1,1,1,1,1,1,,,,,
imagewmh,,,1,1,1,1,1,1,1,,,,,
admut,,,1,1,1,1,1,1,1,,,,,
ftldmut,,,1,1,1,1,1,1,1,,,,,
othmut,,,1,1,1,1,1,1,1,,,,,
othmutx,,,1,1,1,1,1,1,1,,,,,
park,,,1,1,1,1,1,1,1,1,1,1,1,1
prevstk,,,1,1,1,1,1,1,1,,,,,
strokdec,,,1,1,1,1,1,1,1,,,,,
stkimag,,,1,1,1,1,1,1,1,,,,,
infnetw,,,1,1,1,1,1,1,1,,,,,
infwmh,,,1,1,1,1,1,1,1,,,,,
esstrem,,,1,1,1,1,1,1,1,,,,,
esstreif,,,1,1,1,1,1,1,1,,,,,
brninj,,,1,1,1,1,1,1,1,1,1,1,1,1
brninjif,,,1,1,1,1,1,1,1,1,1,1,1,1
brnincte,,,1,1,1,1,1,1,1,,,,,
dep,,,1,1,1,1,1,1,1,1,1,1,1,1
depif,,,1,1,1,1,1,1,1,1,1,1,1,1
deptreat,,,1,1,1,1,1,1,1,,,,,
alcabuse,,,1,1,1,1,1,1,1,,,,,
dysill,,,1,1,1,1,1,1,1,1,1,1,1,1
dysillif,,,1,1,1,1,1,1,1,1,1,1,1,1
a2sub,,,1,1,,1,1,,,1,1,,1,1
b1sub,,,1,1,,1,1,,,1,1,,1,1
langa3a,,,1,1,,1,1,,,,,,,
ftda3afs,,,1,1,,1,1,,,,,,,
ftda3afr,,,1,1,,1,1,,,,,,,
langb3f,,,1,1,,1,1,,,,,,,
langb9f,,,1,1,,1,1,,,,,,,
langc1f,,,1,1,,1,1,,,,,,,
langc2f,,,1,1,,1,1,,,,,,,
langc3f,,,1,1,,1,1,,,,,,,
langc4f,,,1,1,,1,1,,,,,,,
ftdc4fs,,,1,1,,1,1,,,,,,,
ftdc4fr,,,1,1,,1,1,,,,,,,
langc5f,,,1,1,,1,1,,,,,,,
ftdc5fs,,,1,1,,1,1,,,,,,,
ftdc5fr,,,1,1,,1,1,,,,,,,
langc6f,,,1,1,,1,1,,,,,,,
ftdc6fs,,,1,1,,1,1,,,,,,,
ftdc6fr,,,1,1,,1,1,,,,,,,
lange2f,,,1,1,,1,1,,,,,,,
lange3f,,,1,1,,1,1,,,,,,,
b2lsub,,,1,1,,1,1,,,,,,,
b2lnot,,,1,1,,1,1,,,,,,,
b6lsub,,,1,1,,1,1,,,,,,,
b6lnot,,,1,1,,1,1,,,,,,,
modcomm,,,,,1,,,1,,,,,,
inbirmo,,,1,1,1,1,1,1,1,1,1,1,1,1
inbiryr,,,1,1,1,1,1,1,1,1,1,1,1,1
insex,,,1,1,1,1,1,1,1,1,1,1,1,1
inhisp,,,1,1,1,1,1,1,1,1,1,1,1,1
inhispor,,,1,1,1,1,1,1,1,1,1,1,1,1
inhispox,,,1,1,1,1,1,1,1,1,1,1,1,1
inrace,,,1,1,1,1,1,1,1,1,1,1,1,1
inracex,,,1,1,1,1,1,1,1,1,1,1,1,1
inrasec,,,1,1,1,1,1,1,1,1,1,1,1,1
inrasecx,,,1,1,1,1,1,1,1,1,1,1,1,1
inrater,,,1,1,1,1,1,1,1,1,1,1,1,1
inraterx,,,1,1,1,1,1,1,1,1,1,1,1,1
ineduc,,,1,1,1,1,1,1,1,1,1,1,1,1
invisits,,,1,1,1,1,1,1,1,1,1,1,1,1
incalls,,,1,1,1,1,1,1,1,1,1,1,1,1
normexam,,,1,1,,1,1,1,,,,,,
resttrl,,,1,1,,1,1,1,,,,,,
resttrr,,,1,1,,1,1,1,,,,,,
slowingl,,,1,1,,1,1,1,,,,,,
slowingr,,,1,1,,1,1,1,,,,,,
rigidl,,,1,1,,1,1,1,,,,,,
rigidr,,,1,1,,1,1,1,,,,,,
brady,,,1,1,,1,1,1,,,,,,
parkgait,,,1,1,,1,1,1,,,,,,
cvdsigns,,,1,1,,1,1,1,,,,,,
cortdef,,,1,1,,1,1,1,,,,,,
sivdfind,,,1,1,,1,1,1,,,,,,
cvdmotl,,,1,1,,1,1,1,,,,,,
cvdmotr,,,1,1,,1,1,1,,,,,,
cortvisl,,,1,1,,1,1,1,,,,,,
cortvisr,,,1,1,,1,1,1,,,,,,
somatl,,,1,1,,1,1,1,,,,,,
somatr,,,1,1,,1,1,1,,,,,,
postcort,,,1,1,,1,1,1,,,,,,
pspcbs,,,1,1,,1,1,1,,,,,,
eyepsp,,,1,1,,1,1,1,,,,,,
dyspsp,,,1,1,,1,1,1,,,,,,
axialpsp,,,1,1,,1,1,1,,,,,,
gaitpsp,,,1,1,,1,1,1,,,,,,
apraxl,,,1,1,,1,1,1,,,,,,
apraxr,,,1,1,,1,1,1,,,,,,
cortsenl,,,1,1,,1,1,1,,,,,,
cortsenr,,,1,1,,1,1,1,,,,,,
ataxl,,,1,1,,1,1,1,,,,,,
ataxr,,,1,1,,1,1,1,,,,,,
alienlml,,,1,1,,1,1,1,,,,,,
alienlmr,,,1,1,,1,1,1,,,,,,
dystonl,,,1,1,,1,1,1,,,,,,
dystonr,,,1,1,,1,1,1,,,,,,
myocllt,,,1,1,,1,1,1,,,,,,
myoclrt,,,1,1,,1,1,1,,,,,,
alsfind,,,1,1,,1,1,1,,,,,,
gaitnph,,,1,1,,1,1,1,,,,,,
othneur,,,1,1,,1,1,1,,,,,,
othneurx,,,1,1,,1,1,1,,,,,,
cancer,,,1,1,1,1,1,1,1,,,,,
cancsite,,,1,1,1,1,1,1,1,,,,,
diabet,,,1,1,1,1,1,1,1,,,,,
myoinf,,,1,1,1,1,1,1,1,,,,,
conghrt,,,1,1,1,1,1,1,1,,,,,
afibrill,,,1,1,1,1,1,1,1,,,,,
hypert,,,1,1,1,1,1,1,1,,,,,
angina,,,1,1,1,1,1,1,1,,,,,
hypchol,,,1,1,1,1,1,1,1,,,,,
vb12def,,,1,1,1,1,1,1,1,,,,,
thydis,,,1,1,1,1,1,1,1,,,,,
arth,,,1,1,1,1,1,1,1,,,,,
artype,,,1,1,1,1,1,1,1,,,,,
artypex,,,1,1,1,1,1,1,1,,,,,
artupex,,,1,1,1,1,1,1,1,,,,,
artloex,,,1,1,1,1,1,1,1,,,,,
artspin,,,1,1,1,1,1,1,1,,,,,
artunkn,,,1,1,1,1,1,1,1,,,,,
urineinc,,,1,1,1,1,1,1,1,,,,,
bowlinc,,,1,1,1,1,1,1,1,,,,,
sleepap,,,1,1,1,1,1,1,1,,,,,
remdis,,,1,1,1,1,1,1,1,,,,,
hyposom,,,1,1,1,1,1,1,1,,,,,
sleepoth,,,1,1,1,1,1,1,1,,,,,
sleepotx,,,1,1,1,1,1,1,1,,,,,
angiopci,,,1,1,1,1,1,1,1,,,,,
pacemake,,,1,1,1,1,1,1,1,,,,,
hvalve,,,1,1,1,1,1,1,1,,,,,
antienc,,,1,1,1,1,1,1,1,,,,,
antiencx,,,1,1,1,1,1,1,1,,,,,
othcond,,,1,1,1,1,1,1,1,,,,,
alcoccas,,,1,,,1,,1,,,,,,
alcfreq,,,1,,,1,,1,,,,,,
cvhatt,,,1,,,1,,1,,1,1,1,1,1
hattmult,,,1,,,1,,1,,,,,,
hattyear,,,1,,,1,,1,,,,,,
cvangina,,,1,,,1,,1,,,,,,
strokyr,,,1,,,1,,1,,,,,,
tiamult,,,1,,,1,,1,,,,,,
tiayear,,,1,,,1,,1,,,,,,
pdyr,,,1,,,1,,1,,1,1,1,1,1
pdothryr,,,1,,,1,,1,,1,1,1,1,1
tbi,,,1,,,1,,1,,,,,,
tbibrief,,,1,,,1,,1,,,,,,
tbiexten,,,1,,,1,,1,,,,,,
tbiwolos,,,1,,,1,,1,,,,,,
tbiyear,,,1,,,1,,1,,,,,,
arthtype,,,1,,,1,,1,,,,,,
alcohol,,,1,,,1,,1,,1,1,1,1,1
abusothr,,,1,,,1,,1,,1,1,1,1,1
abusx,,,1,,,1,,1,,1,1,1,1,1
dep2yrs,,,1,,,1,,1,,1,1,1,1,1
depothr,,,1,,,1,,1,,1,1,1,1,1
apreflan,,,,,1,,,,,,,,,
ayrspan,,,,,1,,,,,,,,,
ayrengl,,,,,1,,,,,,,,,
apcspan,,,,,1,,,,,,,,,
apcengl,,,,,1,,,,,,,,,
aspkspan,,,,,1,,,,,,,,,
areaspan,,,,,1,,,,,,,,,
awrispan,,,,,1,,,,,,,,,
aundspan,,,,,1,,,,,,,,,
aspkengl,,,,,1,,,,,,,,,
areaengl,,,,,1,,,,,,,,,
awriengl,,,,,1,,,,,,,,,
aundengl,,,,,1,,,,,,,,,
decsub,,,1,1,1,1,1,1,1,1,1,1,1,1
decin,,,1,1,1,1,1,1,1,1,1,1,1,1
cogflago,,,1,1,1,1,1,1,1,,,,,
cogfpred,,,1,1,1,1,1,1,1,,,,,
cogfprex,,,1,1,1,1,1,1,1,,,,,
decage,,,1,1,1,1,1,1,1,1,1,1,1,1
bevhago,,,1,1,1,1,1,1,1,,,,,
befpred,,,1,1,1,1,1,1,1,,,,,
befpredx,,,1,1,1,1,1,1,1,,,,,
beage,,,1,1,1,1,1,1,1,,,,,
mofrst,,,1,1,1,1,1,1,1,1,1,1,1,1
parkage,,,1,1,1,1,1,1,1,,,,,
alsage,,,1,1,1,1,1,1,1,,,,,
moage,,,1,1,1,1,1,1,1,,,,,
lbdeval,,,1,1,1,1,1,1,1,,,,,
ftldeval,,,1,1,1,1,1,1,1,,,,,
nwinfmut,,,,1,1,,1,,1,,,,,
fadmut,,,1,1,1,1,1,1,1,,,,,
fadmutx,,,1,1,1,1,1,1,1,,,,,
fadmuso,,,1,1,1,1,1,1,1,,,,,
fadmusox,,,1,1,1,1,1,1,1,,,,,
fftdmut,,,1,1,1,1,1,1,1,,,,,
fftdmutx,,,1,1,1,1,1,1,1,,,,,
fftdmuso,,,1,1,1,1,1,1,1,,,,,
fftdmusx,,,1,1,1,1,1,1,1,,,,,
fothmut,,,1,1,1,1,1,1,1,,,,,
fothmutx,,,1,1,1,1,1,1,1,,,,,
fothmuso,,,1,1,1,1,1,1,1,,,,,
fothmusx,,,1,1,1,1,1,1,1,,,,,
mommob,,,1,1,1,1,1,1,1,,,,,
momneur,,,1,1,1,1,1,1,1,,,,,
momprdx,,,1,1,1,1,1,1,1,,,,,
mommoe,,,1,1,1,1,1,1,1,,,,,
dadmob,,,1,1,1,1,1,1,1,,,,,
dadneur,,,1,1,1,1,1,1,1,,,,,
dadprdx,,,1,1,1,1,1,1,1,,,,,
dadmoe,,,1,1,1,1,1,1,1,,,,,
sib1mob,,,1,1,1,1,1,1,1,,,,,
sib1neu,,,1,1,1,1,1,1,1,,,,,
sib1pdx,,,1,1,1,1,1,1,1,,,,,
sib1moe,,,1,1,1,1,1,1,1,,,,,
sib2mob,,,1,1,1,1,1,1,1,,,,,
sib2neu,,,1,1,1,1,1,1,1,,,,,
sib2pdx,,,1,1,1,1,1,1,1,,,,,
sib2moe,,,1,1,1,1,1,1,1,,,,,
sib3mob,,,1,1,1,1,1,1,1,,,,,
sib3neu,,,1,1,1,1,1,1,1,,,,,
sib3pdx,,,1,1,1,1,1,1,1,,,,,
sib3moe,,,1,1,1,1,1,1,1,,,,,
sib4mob,,,1,1,1,1,1,1,1,,,,,
sib4neu,,,1,1,1,1,1,1,1,,,,,
sib4pdx,,,1,1,1,1,1,1,1,,,,,
sib4moe,,,1,1,1,1,1,1,1,,,,,
sib5mob,,,1,1,1,1,1,1,1,,,,,
sib5neu,,,1,1,1,1,1,1,1,,,,,
sib5pdx,,,1,1,1,1,1,1,1,,,,,
sib5moe,,,1,1,1,1,1,1,1,,,,,
sib6mob,,,1,1,1,1,1,1,1,,,,,
sib6neu,,,1,1,1,1,1,1,1,,,,,
sib6pdx,,,1,1,1,1,1,1,1,,,,,
sib6moe,,,1,1,1,1,1,1,1,,,,,
sib7mob,,,1,1,1,1,1,1,1,,,,,
sib7neu,,,1,1,1,1,1,1,1,,,,,
sib7pdx,,,1,1,1,1,1,1,1,,,,,
sib7moe,,,1,1,1,1,1,1,1,,,,,
sib8mob,,,1,1,1,1,1,1,1,,,,,
sib8neu,,,1,1,1,1,1,1,1,,,,,
sib8pdx,,,1,1,1,1,1,1,1,,,,,
sib8moe,,,1,1,1,1,1,1,1,,,,,
sib9mob,,,1,1,1,1,1,1,1,,,,,
sib9neu,,,1,1,1,1,1,1,1,,,,,
sib9pdx,,,1,1,1,1,1,1,1,,,,,
sib9moe,,,1,1,1,1,1,1,1,,,,,
sib10mob,,,1,1,1,1,1,1,1,,,,,
sib10neu,,,1,1,1,1,1,1,1,,,,,
sib10pdx,,,1,1,1,1,1,1,1,,,,,
sib10moe,,,1,1,1,1,1,1,1,,,,,
sib11mob,,,1,1,1,1,1,1,1,,,,,
sib11neu,,,1,1,1,1,1,1,1,,,,,
sib11pdx,,,1,1,1,1,1,1,1,,,,,
sib11moe,,,1,1,1,1,1,1,1,,,,,
sib12mob,,,1,1,1,1,1,1,1,,,,,
sib12neu,,,1,1,1,1,1,1,1,,,,,
sib12pdx,,,1,1,1,1,1,1,1,,,,,
sib12moe,,,1,1,1,1,1,1,1,,,,,
sib13mob,,,1,1,1,1,1,1,1,,,,,
sib13neu,,,1,1,1,1,1,1,1,,,,,
sib13pdx,,,1,1,1,1,1,1,1,,,,,
sib13moe,,,1,1,1,1,1,1,1,,,,,
sib14mob,,,1,1,1,1,1,1,1,,,,,
sib14neu,,,1,1,1,1,1,1,1,,,,,
sib14pdx,,,1,1,1,1,1,1,1,,,,,
sib14moe,,,1,1,1,1,1,1,1,,,,,
sib15mob,,,1,1,1,1,1,1,1,,,,,
sib15neu,,,1,1,1,1,1,1,1,,,,,
sib15pdx,,,1,1,1,1,1,1,1,,,,,
sib15moe,,,1,1,1,1,1,1,1,,,,,
sib16mob,,,1,1,1,1,1,1,1,,,,,
sib16neu,,,1,1,1,1,1,1,1,,,,,
sib16pdx,,,1,1,1,1,1,1,1,,,,,
sib16moe,,,1,1,1,1,1,1,1,,,,,
sib17mob,,,1,1,1,1,1,1,1,,,,,
sib17neu,,,1,1,1,1,1,1,1,,,,,
sib17pdx,,,1,1,1,1,1,1,1,,,,,
sib17moe,,,1,1,1,1,1,1,1,,,,,
sib18mob,,,1,1,1,1,1,1,1,,,,,
sib18neu,,,1,1,1,1,1,1,1,,,,,
sib18pdx,,,1,1,1,1,1,1,1,,,,,
sib18moe,,,1,1,1,1,1,1,1,,,,,
sib19mob,,,1,1,1,1,1,1,1,,,,,
sib19neu,,,1,1,1,1,1,1,1,,,,,
sib19pdx,,,1,1,1,1,1,1,1,,,,,
sib19moe,,,1,1,1,1,1,1,1,,,,,
sib20mob,,,1,1,1,1,1,1,1,,,,,
sib20neu,,,1,1,1,1,1,1,1,,,,,
sib20pdx,,,1,1,1,1,1,1,1,,,,,
sib20moe,,,1,1,1,1,1,1,1,,,,,
kid1mob,,,1,1,1,1,1,1,1,,,,,
kid1neu,,,1,1,1,1,1,1,1,,,,,
kid1pdx,,,1,1,1,1,1,1,1,,,,,
kid1moe,,,1,1,1,1,1,1,1,,,,,
kid2mob,,,1,1,1,1,1,1,1,,,,,
kid2neu,,,1,1,1,1,1,1,1,,,,,
kid2pdx,,,1,1,1,1,1,1,1,,,,,
kid2moe,,,1,1,1,1,1,1,1,,,,,
kid3mob,,,1,1,1,1,1,1,1,,,,,
kid3neu,,,1,1,1,1,1,1,1,,,,,
kid3pdx,,,1,1,1,1,1,1,1,,,,,
kid3moe,,,1,1,1,1,1,1,1,,,,,
kid4mob,,,1,1,1,1,1,1,1,,,,,
kid4neu,,,1,1,1,1,1,1,1,,,,,
kid4pdx,,,1,1,1,1,1,1,1,,,,,
kid4moe,,,1,1,1,1,1,1,1,,,,,
kid5mob,,,1,1,1,1,1,1,1,,,,,
kid5neu,,,1,1,1,1,1,1,1,,,,,
kid5pdx,,,1,1,1,1,1,1,1,,,,,
kid5moe,,,1,1,1,1,1,1,1,,,,,
kid6mob,,,1,1,1,1,1,1,1,,,,,
kid6neu,,,1,1,1,1,1,1,1,,,,,
kid6pdx,,,1,1,1,1,1,1,1,,,,,
kid6moe,,,1,1,1,1,1,1,1,,,,,
kid7mob,,,1,1,1,1,1,1,1,,,,,
kid7neu,,,1,1,1,1,1,1,1,,,,,
kid7pdx,,,1,1,1,1,1,1,1,,,,,
kid7moe,,,1,1,1,1,1,1,1,,,,,
kid8mob,,,1,1,1,1,1,1,1,,,,,
kid8neu,,,1,1,1,1,1,1,1,,,,,
kid8pdx,,,1,1,1,1,1,1,1,,,,,
kid8moe,,,1,1,1,1,1,1,1,,,,,
kid9mob,,,1,1,1,1,1,1,1,,,,,
kid9neu,,,1,1,1,1,1,1,1,,,,,
kid9pdx,,,1,1,1,1,1,1,1,,,,,
kid9moe,,,1,1,1,1,1,1,1,,,,,
kid10mob,,,1,1,1,1,1,1,1,,,,,
kid10neu,,,1,1,1,1,1,1,1,,,,,
kid10pdx,,,1,1,1,1,1,1,1,,,,,
kid10moe,,,1,1,1,1,1,1,1,,,,,
kid11mob,,,1,1,1,1,1,1,1,,,,,
kid11neu,,,1,1,1,1,1,1,1,,,,,
kid11pdx,,,1,1,1,1,1,1,1,,,,,
kid11moe,,,1,1,1,1,1,1,1,,,,,
kid12mob,,,1,1,1,1,1,1,1,,,,,
kid12neu,,,1,1,1,1,1,1,1,,,,,
kid12pdx,,,1,1,1,1,1,1,1,,,,,
kid12moe,,,1,1,1,1,1,1,1,,,,,
kid13mob,,,1,1,1,1,1,1,1,,,,,
kid13neu,,,1,1,1,1,1,1,1,,,,,
kid13pdx,,,1,1,1,1,1,1,1,,,,,
kid13moe,,,1,1,1,1,1,1,1,,,,,
kid14mob,,,1,1,1,1,1,1,1,,,,,
kid14neu,,,1,1,1,1,1,1,1,,,,,
kid14pdx,,,1,1,1,1,1,1,1,,,,,
kid14moe,,,1,1,1,1,1,1,1,,,,,
kid15mob,,,1,1,1,1,1,1,1,,,,,
kid15neu,,,1,1,1,1,1,1,1,,,,,
kid15pdx,,,1,1,1,1,1,1,1,,,,,
kid15moe,,,1,1,1,1,1,1,1,,,,,
sex,,,1,1,1,1,1,1,1,1,1,1,1,1
independ,,,1,1,1,1,1,1,1,1,1,1,1,1
drug1,,,1,1,1,1,1,1,1,1,1,1,2,2
drug2,,,1,1,1,1,1,1,1,1,1,1,2,2
drug3,,,1,1,1,1,1,1,1,1,1,1,2,2
drug4,,,1,1,1,1,1,1,1,1,1,1,2,2
drug5,,,1,1,1,1,1,1,1,1,1,1,2,2
drug6,,,1,1,1,1,1,1,1,1,1,1,2,2
drug7,,,1,1,1,1,1,1,1,1,1,1,2,2
drug8,,,1,1,1,1,1,1,1,1,1,1,2,2
drug9,,,1,1,1,1,1,1,1,1,1,1,2,2
drug10,,,1,1,1,1,1,1,1,1,1,1,2,2
drug11,,,1,1,1,1,1,1,1,1,1,1,2,2
drug12,,,1,1,1,1,1,1,1,1,1,1,2,2
drug13,,,1,1,1,1,1,1,1,1,1,1,2,2
drug14,,,1,1,1,1,1,1,1,1,1,1,2,2
drug15,,,1,1,1,1,1,1,1,1,1,1,2,2
drug16,,,1,1,1,1,1,1,1,1,1,1,2,2
drug17,,,1,1,1,1,1,1,1,1,1,1,2,2
drug18,,,1,1,1,1,1,1,1,1,1,1,2,2
drug19,,,1,1,1,1,1,1,1,1,1,1,2,2
drug20,,,1,1,1,1,1,1,1,1,1,1,2,2
drug21,,,1,1,1,1,1,1,1,1,1,1,2,2
drug22,,,1,1,1,1,1,1,1,1,1,1,2,2
drug23,,,1,1,1,1,1,1,1,1,1,1,2,2
drug24,,,1,1,1,1,1,1,1,1,1,1,2,2
drug25,,,1,1,1,1,1,1,1,1,1,1,2,2
drug26,,,1,1,1,1,1,1,1,1,1,1,2,2
drug27,,,1,1,1,1,1,1,1,1,1,1,2,2
drug28,,,1,1,1,1,1,1,1,1,1,1,2,2
drug29,,,1,1,1,1,1,1,1,1,1,1,2,2
drug30,,,1,1,1,1,1,1,1,1,1,1,2,2
drug31,,,1,1,1,1,1,1,1,1,1,1,2,2
drug32,,,1,1,1,1,1,1,1,1,1,1,2,2
drug33,,,1,1,1,1,1,1,1,1,1,1,2,2
drug34,,,1,1,1,1,1,1,1,1,1,1,2,2
drug35,,,1,1,1,1,1,1,1,1,1,1,2,2
drug36,,,1,1,1,1,1,1,1,1,1,1,2,2
drug37,,,1,1,1,1,1,1,1,1,1,1,2,2
drug38,,,1,1,1,1,1,1,1,1,1,1,2,2
drug39,,,1,1,1,1,1,1,1,1,1,1,2,2
drug40,,,1,1,1,1,1,1,1,1,1,1,2,2
afffamm,,,1,,,1,,1,,,,,,
reason,,,1,,,1,,1,,1,,,1,
learned,,,1,,,1,,1,,,,,,
prestat,,,1,,,1,,1,,1,,,1,
prespart,,,1,,,1,,1,,1,,,1,
hispanic,,,1,2,2,1,2,1,2,1,2,2,1,2
hispor,,,1,2,2,1,2,1,2,1,2,2,1,2
hisporx,,,1,2,2,1,2,1,2,1,2,2,1,2
race,,,1,2,2,1,2,1,2,1,2,2,1,2
racex,,,1,2,2,1,2,1,2,1,2,2,1,2
racesec,,,1,2,2,1,2,1,2,1,2,2,1,2
racesecx,,,1,2,2,1,2,1,2,,,,,
raceter,,,1,2,2,1,2,1,2,1,2,2,1,2
raceterx,,,1,2,2,1,2,1,2,1,2,2,1,2
primlang,,,1,2,2,1,2,1,2,1,2,2,1,2
primlanx,,,1,2,2,1,2,1,2,1,2,2,1,2
telcog,,,,,1,,,1,1,,,1,,
telill,,,,,1,,,1,1,,,1,,
telhome,,,,,1,,,1,1,,,1,,
telrefu,,,,,1,,,1,1,,,1,,
telcov,,,,,1,,,1,,,,,,
telothr,,,,,1,,,1,1,,,1,,
telothrx,,,,,1,,,1,1,,,1,,
telmod,,,,,1,,,1,,,,,,
telinper,,,,,1,,,1,1,,,1,,
telmile,,,,,1,,,1,1,,,1,,
langc1,,,,1,,,1,,,,,,,
mmsecomp,,,,1,,,1,,,,,,,
mmsereas,,,,1,,,1,,,,,,,
mmseloc,,,,1,,,1,,,1,1,,1,1
mmselan,,,,1,,,1,,,1,1,,1,1
mmselanx,,,,1,,,1,,,1,1,,1,1
mmsevis,,,,1,,,1,,,,,,,
mmsehear,,,,1,,,1,,,,,,,
mmseorda,,,,1,,,1,,,1,1,,1,1
mmseorlo,,,,1,,,1,,,1,1,,1,1
pentagon,,,,1,,,1,,,1,1,,,
mmse,,,,1,,,1,,,1,1,,1,1
logimo,,,,1,,,1,,,1,1,,1,1
logiprev,,,,1,,,1,,,1,1,,1,1
logimem,,,,1,,,1,,,1,1,,1,1
digif,,,,1,,,1,,,1,1,,1,1
digiflen,,,,1,,,1,,,1,1,,1,1
digib,,,,1,,,1,,,1,1,,1,1
digiblen,,,,1,,,1,,,1,1,,1,1
memunits,,,,1,,,1,,,1,1,,1,1
memtime,,,,1,,,1,,,1,1,,1,1
boston,,,,1,,,1,,,1,1,,1,1
c2sub,,,,,1,,,,,,,,,
c2not,,,,,1,,,,,,,,,
formid,,,1,1,1,1,1,1,1,1,1,1,1,1
visitmo,,,1,1,1,1,1,1,1,1,1,1,1,1
visitday,,,1,1,1,1,1,1,1,1,1,1,1,1
visityr,,,1,1,1,1,1,1,1,1,1,1,1,1
a2comm,,,,,,,,,,1,1,,1,1
a3comm,,,,,,,,,,1,1,1,1,1
a4comm,,,,,,,,,,1,1,1,1,1
b1comm,,,,,,,,,,1,1,,1,1
b2sub,,,,,,,,,,1,1,,1,1
b2not,,,,,,,,,,1,1,,1,1
b2comm,,,,,,,,,,1,1,,1,1
b3sub,,,,,,,,,,1,1,,1,1
b3comm,,,,,,,,,,1,1,,1,1
b5comm,,,,,,,,,,1,1,1,1,1
b6comm,,,,,,,,,,1,1,,1,1
b7comm,,,,,,,,,,1,1,1,1,1
b8comm,,,,,,,,,,1,1,,1,1
inmds,,,,,,,,,,1,,,1,
reasonx,,,,,,,,,,1,,,1,
refer,,,,,,,,,,1,,,1,
referx,,,,,,,,,,1,,,1,
source,,,,,,,,,,1,,,1,
raceesecx,,,,,,,,,,1,,,1,
livsit,,,,,,,,,,1,1,1,1,1
livsitx,,,,,,,,,,1,1,1,1,1
residenx,,,,,,,,,,1,1,1,1,1
maristax,,,,,,,,,,1,1,1,1,1
inreltox,,,,,,,,,,1,1,1,1,1
a3chg,,,,,,,,,,,1,1,,1
parchg,,,,,,,,,,,1,1,,1
momliv,,,,,,,,,,1,1,1,,
momyod,,,,,,,,,,1,1,1,,
momdem,,,,,,,,,,1,1,1,1,1
momonset,,,,,,,,,,1,1,1,1,1
dadliv,,,,,,,,,,1,1,1,,
dadyod,,,,,,,,,,1,1,1,,
daddem,,,,,,,,,,1,1,1,1,1
dadonset,,,,,,,,,,1,1,1,1,1
twin,,,,,,,,,,1,,,1,1
twintype,,,,,,,,,,1,,,1,1
sibchg,,,,,,,,,,,1,1,,1
sib1liv,,,,,,,,,,1,1,1,,
sib1yod,,,,,,,,,,1,1,1,,
sib1dem,,,,,,,,,,1,1,1,,
sib1ons,,,,,,,,,,1,1,1,1,1
sib2liv,,,,,,,,,,1,1,1,,
sib2yod,,,,,,,,,,1,1,1,,
sib2dem,,,,,,,,,,1,1,1,,
sib2ons,,,,,,,,,,1,1,1,1,1
sib3liv,,,,,,,,,,1,1,1,,
sib3yod,,,,,,,,,,1,1,1,,
sib3dem,,,,,,,,,,1,1,1,,
sib3ons,,,,,,,,,,1,1,1,1,1
sib4liv,,,,,,,,,,1,1,1,,
sib4yod,,,,,,,,,,1,1,1,,
sib4dem,,,,,,,,,,1,1,1,,
sib4ons,,,,,,,,,,1,1,1,1,1
sib5liv,,,,,,,,,,1,1,1,,
sib5yod,,,,,,,,,,1,1,1,,
sib5dem,,,,,,,,,,1,1,1,,
sib5ons,,,,,,,,,,1,1,1,1,1
sib6liv,,,,,,,,,,1,1,1,,
sib6yod,,,,,,,,,,1,1,1,,
sib6dem,,,,,,,,,,1,1,1,,
sib6ons,,,,,,,,,,1,1,1,1,1
sib7liv,,,,,,,,,,1,1,1,,
sib7yod,,,,,,,,,,1,1,1,,
sib7dem,,,,,,,,,,1,1,1,,
sib7ons,,,,,,,,,,1,1,1,,
sib8liv,,,,,,,,,,1,1,1,,
sib8yod,,,,,,,,,,1,1,1,,
sib8dem,,,,,,,,,,1,1,1,,
sib8ons,,,,,,,,,,1,1,1,,
sib9liv,,,,,,,,,,1,1,1,,
sib9yod,,,,,,,,,,1,1,1,,
sib9dem,,,,,,,,,,1,1,1,,
sib9ons,,,,,,,,,,1,1,1,,
sib10liv,,,,,,,,,,1,1,1,,
sib10yod,,,,,,,,,,1,1,1,,
sib10dem,,,,,,,,,,1,1,1,,
sib10ons,,,,,,,,,,1,1,1,,
sib11liv,,,,,,,,,,1,1,1,,
sib11yod,,,,,,,,,,1,1,1,,
sib11dem,,,,,,,,,,1,1,1,,
sib11ons,,,,,,,,,,1,1,1,,
sib12liv,,,,,,,,,,1,1,1,,
sib12yod,,,,,,,,,,1,1,1,,
sib12dem,,,,,,,,,,1,1,1,,
sib12ons,,,,,,,,,,1,1,1,,
sib13liv,,,,,,,,,,1,1,1,,
sib13yod,,,,,,,,,,1,1,1,,
sib13dem,,,,,,,,,,1,1,1,,
sib13ons,,,,,,,,,,1,1,1,,
sib14liv,,,,,,,,,,1,1,1,,
sib14yod,,,,,,,,,,1,1,1,,
sib14dem,,,,,,,,,,1,1,1,,
sib14ons,,,,,,,,,,1,1,1,,
sib15liv,,,,,,,,,,1,1,1,,
sib15yod,,,,,,,,,,1,1,1,,
sib15dem,,,,,,,,,,1,1,1,,
sib15ons,,,,,,,,,,1,1,1,,
sib16liv,,,,,,,,,,1,1,1,,
sib16yod,,,,,,,,,,1,1,1,,
sib16dem,,,,,,,,,,1,1,1,,
sib16ons,,,,,,,,,,1,1,1,,
sib17liv,,,,,,,,,,1,1,1,,
sib17yod,,,,,,,,,,1,1,1,,
sib17dem,,,,,,,,,,1,1,1,,
sib17ons,,,,,,,,,,1,1,1,,
sib18liv,,,,,,,,,,1,1,1,,
sib18yod,,,,,,,,,,1,1,1,,
sib18dem,,,,,,,,,,1,1,1,,
sib18ons,,,,,,,,,,1,1,1,,
sib19liv,,,,,,,,,,1,1,1,,
sib19yod,,,,,,,,,,1,1,1,,
sib19dem,,,,,,,,,,1,1,1,,
sib19ons,,,,,,,,,,1,1,1,,
sib20liv,,,,,,,,,,1,1,1,,
sib20yod,,,,,,,,,,1,1,1,,
sib20dem,,,,,,,,,,1,1,1,,
sib20ons,,,,,,,,,,1,1,1,,
kidchg,,,,,,,,,,,1,1,,1
kid1liv,,,,,,,,,,1,1,1,,
kid1yod,,,,,,,,,,1,1,1,,
kid1dem,,,,,,,,,,1,1,1,,
kid1ons,,,,,,,,,,1,1,1,1,1
kid2liv,,,,,,,,,,1,1,1,,
kid2yod,,,,,,,,,,1,1,1,,
kid2dem,,,,,,,,,,1,1,1,,
kid2ons,,,,,,,,,,1,1,1,1,1
kid3liv,,,,,,,,,,1,1,1,,
kid3yod,,,,,,,,,,1,1,1,,
kid3dem,,,,,,,,,,1,1,1,,
kid3ons,,,,,,,,,,1,1,1,1,1
kid4liv,,,,,,,,,,1,1,1,,
kid4yod,,,,,,,,,,1,1,1,,
kid4dem,,,,,,,,,,1,1,1,,
kid4ons,,,,,,,,,,1,1,1,1,1
kid5liv,,,,,,,,,,1,1,1,,
kid5yod,,,,,,,,,,1,1,1,,
kid5dem,,,,,,,,,,1,1,1,,
kid5ons,,,,,,,,,,1,1,1,1,1
kid6liv,,,,,,,,,,1,1,1,,
kid6yod,,,,,,,,,,1,1,1,,
kid6dem,,,,,,,,,,1,1,1,,
kid6ons,,,,,,,,,,1,1,1,1,1
kid7liv,,,,,,,,,,1,1,1,,
kid7yod,,,,,,,,,,1,1,1,,
kid7dem,,,,,,,,,,1,1,1,,
kid7ons,,,,,,,,,,1,1,1,,
kid8liv,,,,,,,,,,1,1,1,,
kid8yod,,,,,,,,,,1,1,1,,
kid8dem,,,,,,,,,,1,1,1,,
kid8ons,,,,,,,,,,1,1,1,,
kid9liv,,,,,,,,,,1,1,1,,
kid9yod,,,,,,,,,,1,1,1,,
kid9dem,,,,,,,,,,1,1,1,,
kid9ons,,,,,,,,,,1,1,1,,
kid10liv,,,,,,,,,,1,1,1,,
kid10yod,,,,,,,,,,1,1,1,,
kid10dem,,,,,,,,,,1,1,1,,
kid10ons,,,,,,,,,,1,1,1,,
kid11liv,,,,,,,,,,1,1,1,,
kid11yod,,,,,,,,,,1,1,1,,
kid11dem,,,,,,,,,,1,1,1,,
kid11ons,,,,,,,,,,1,1,1,,
kid12liv,,,,,,,,,,1,1,1,,
kid12yod,,,,,,,,,,1,1,1,,
kid12dem,,,,,,,,,,1,1,1,,
kid12ons,,,,,,,,,,1,1,1,,
kid13liv,,,,,,,,,,1,1,1,,
kid13yod,,,,,,,,,,1,1,1,,
kid13dem,,,,,,,,,,1,1,1,,
kid13ons,,,,,,,,,,1,1,1,,
kid14liv,,,,,,,,,,1,1,1,,
kid14yod,,,,,,,,,,1,1,1,,
kid14dem,,,,,,,,,,1,1,1,,
kid14ons,,,,,,,,,,1,1,1,,
kid15liv,,,,,,,,,,1,1,1,,
kid15yod,,,,,,,,,,1,1,1,,
kid15dem,,,,,,,,,,1,1,1,,
kid15ons,,,,,,,,,,1,1,1,,
relchg,,,,,,,,,,,1,1,,1
relsdem,,,,,,,,,,1,1,1,1,1
rel1yob,,,,,,,,,,1,1,1,,
rel1liv,,,,,,,,,,1,1,1,,
rel1yod,,,,,,,,,,1,1,1,,
rel1ons,,,,,,,,,,1,1,1,1,1
rel2yob,,,,,,,,,,1,1,1,,
rel2liv,,,,,,,,,,1,1,1,,
rel2yod,,,,,,,,,,1,1,1,,
rel2ons,,,,,,,,,,1,1,1,1,1
rel3yob,,,,,,,,,,1,1,1,,
rel3liv,,,,,,,,,,1,1,1,,
rel3yod,,,,,,,,,,1,1,1,,
rel3ons,,,,,,,,,,1,1,1,1,1
rel4yob,,,,,,,,,,1,1,1,,
rel4liv,,,,,,,,,,1,1,1,,
rel4yod,,,,,,,,,,1,1,1,,
rel4ons,,,,,,,,,,1,1,1,1,1
rel5yob,,,,,,,,,,1,1,1,,
rel5liv,,,,,,,,,,1,1,1,,
rel5yod,,,,,,,,,,1,1,1,,
rel5ons,,,,,,,,,,1,1,1,1,1
rel6yob,,,,,,,,,,1,1,1,,
rel6liv,,,,,,,,,,1,1,1,,
rel6yod,,,,,,,,,,1,1,1,,
rel6ons,,,,,,,,,,1,1,1,1,1
rel7yob,,,,,,,,,,1,1,1,,
rel7liv,,,,,,,,,,1,1,1,,
rel7yod,,,,,,,,,,1,1,1,,
rel7ons,,,,,,,,,,1,1,1,,
rel8yob,,,,,,,,,,1,1,1,,
rel8liv,,,,,,,,,,1,1,1,,
rel8yod,,,,,,,,,,1,1,1,,
rel8ons,,,,,,,,,,1,1,1,,
rel9yob,,,,,,,,,,1,1,1,,
rel9liv,,,,,,,,,,1,1,1,,
rel9yod,,,,,,,,,,1,1,1,,
rel9ons,,,,,,,,,,1,1,1,,
rel10yob,,,,,,,,,,1,1,1,,
rel10liv,,,,,,,,,,1,1,1,,
rel10yod,,,,,,,,,,1,1,1,,
rel10ons,,,,,,,,,,1,1,1,,
rel11yob,,,,,,,,,,1,1,1,,
rel11liv,,,,,,,,,,1,1,1,,
rel11yod,,,,,,,,,,1,1,1,,
rel11ons,,,,,,,,,,1,1,1,,
rel12yob,,,,,,,,,,1,1,1,,
rel12liv,,,,,,,,,,1,1,1,,
rel12yod,,,,,,,,,,1,1,1,,
rel12ons,,,,,,,,,,1,1,1,,
rel13yob,,,,,,,,,,1,1,1,,
rel13liv,,,,,,,,,,1,1,1,,
rel13yod,,,,,,,,,,1,1,1,,
rel13ons,,,,,,,,,,1,1,1,,
rel14yob,,,,,,,,,,1,1,1,,
rel14liv,,,,,,,,,,1,1,1,,
rel14yod,,,,,,,,,,1,1,1,,
rel14ons,,,,,,,,,,1,1,1,,
rel15yob,,,,,,,,,,1,1,1,,
rel15liv,,,,,,,,,,1,1,1,,
rel15yod,,,,,,,,,,1,1,1,,
rel15ons,,,,,,,,,,1,1,1,,
cvpace,,,,,,,,,,1,1,1,1,1
strok1yr,,,,,,,,,,1,1,1,1,1
strok2yr,,,,,,,,,,1,1,1,1,1
strok3yr,,,,,,,,,,1,1,1,1,1
strok4yr,,,,,,,,,,1,1,1,1,1
strok5yr,,,,,,,,,,1,1,1,1,1
strok6yr,,,,,,,,,,1,1,1,1,1
tia1yr,,,,,,,,,,1,1,1,1,1
tia2yr,,,,,,,,,,1,1,1,1,1
tia3yr,,,,,,,,,,1,1,1,1,1
tia4yr,,,,,,,,,,1,1,1,1,1
tia5yr,,,,,,,,,,1,1,1,1,1
tia6yr,,,,,,,,,,1,1,1,1,1
cbothr,,,,,,,,,,1,1,1,1,1
cbothrx,,,,,,,,,,1,1,1,1,1
traumbrf,,,,,,,,,,1,1,1,1,1
traumext,,,,,,,,,,1,1,1,1,1
traumchr,,,,,,,,,,1,1,1,1,1
ncothr,,,,,,,,,,1,1,1,1,1
ncothrx,,,,,,,,,,1,1,1,1,1
abrupt,,,,,,,,,,1,1,,1,1
stepwise,,,,,,,,,,1,1,,1,1
somatic,,,,,,,,,,1,1,,1,1
emot,,,,,,,,,,1,1,,1,1
hxhyper,,,,,,,,,,1,1,,1,1
hxstroke,,,,,,,,,,1,1,,1,1
foclsym,,,,,,,,,,1,1,,1,1
foclsign,,,,,,,,,,1,1,,1,1
hachin,,,,,,,,,,1,1,,1,1
cvdcog,,,,,,,,,,1,1,,,
strokcog,,,,,,,,,,1,1,,,
cvdimag,,,,,,,,,,1,1,,,
cvdimag1,,,,,,,,,,1,1,,,
cvdimag2,,,,,,,,,,1,1,,,
cvdimag3,,,,,,,,,,1,1,,,
cvdimag4,,,,,,,,,,1,1,,,
cvdimagx,,,,,,,,,,1,1,,,
normal,,,,,,,,,,1,1,,1,1
focldef,,,,,,,,,,1,1,,1,1
gaitdis,,,,,,,,,,1,1,,1,1
eyemove,,,,,,,,,,1,1,,1,1
cogfrst,,,,,,,,,,1,1,1,1,1
cogfrstx,,,,,,,,,,1,1,1,1,1
befrst,,,,,,,,,,1,1,1,1,1
befrstx,,,,,,,,,,1,1,1,1,1
logiday,,,,,,,,,,1,1,,1,1
logiyr,,,,,,,,,,1,1,,1,1
wais,,,,,,,,,,1,1,,1,1
whodiddx,,,,,,,,,,1,1,1,1,1
probad,,,,,,,,,,1,1,1,1,1
probadif,,,,,,,,,,1,1,1,1,1
possad,,,,,,,,,,1,1,1,1,1
possadif,,,,,,,,,,1,1,1,1,1
dlb,,,,,,,,,,1,1,1,1,1
dlbif,,,,,,,,,,1,1,1,1,1
vasc,,,,,,,,,,1,1,1,1,1
vascif,,,,,,,,,,1,1,1,1,1
vascps,,,,,,,,,,1,1,1,,
vascpsif,,,,,,,,,,1,1,1,,
demun,,,,,,,,,,1,1,1,1,1
demunif,,,,,,,,,,1,1,1,1,1
ftd,,,,,,,,,,1,1,1,1,1
ftdif,,,,,,,,,,1,1,1,1,1
ppaph,,,,,,,,,,1,1,1,1,1
ppaphif,,,,,,,,,,1,1,1,1,1
pnaph,,,,,,,,,,1,1,1,1,1
semdeman,,,,,,,,,,1,1,1,1,1
semdemag,,,,,,,,,,1,1,1,1,1
ppaothr,,,,,,,,,,1,1,1,1,1
parkif,,,,,,,,,,1,1,1,1,1
stroke,,,,,,,,,,1,1,1,1,1
strokif,,,,,,,,,,1,1,1,1,1
ctflm,,,,,,,,,,1,1,1,1,1
ctdig,,,,,,,,,,1,1,1,1,1
mri1flm,,,,,,,,,,1,1,1,1,1
mri1dig,,,,,,,,,,1,1,1,1,1
mri2flm,,,,,,,,,,1,1,1,1,1
mri2dig,,,,,,,,,,1,1,1,1,1
mri3flm,,,,,,,,,,1,1,1,1,1
mri3dig,,,,,,,,,,1,1,1,1,1
mrispflm,,,,,,,,,,1,1,1,1,1
mrispdig,,,,,,,,,,1,1,1,1,1
spectflm,,,,,,,,,,1,1,1,1,1
spectdig,,,,,,,,,,1,1,1,1,1
petflm,,,,,,,,,,1,1,1,1,1
petdig,,,,,,,,,,1,1,1,1,1
dna,,,,,,,,,,1,1,1,1,1
csfantem,,,,,,,,,,1,1,1,1,1
serum,,,,,,,,,,1,1,1,1,1
apoe,,,,,,,,,,1,1,1,1,1
momage,,,,,,,,,,,,,1,1
dadage,,,,,,,,,,,,,1,1
sibsdem,,,,,,,,,,,,,1,1
sib1age,,,,,,,,,,,,,1,1
sib2age,,,,,,,,,,,,,1,1
sib3age,,,,,,,,,,,,,1,1
sib4age,,,,,,,,,,,,,1,1
sib5age,,,,,,,,,,,,,1,1
sib6age,,,,,,,,,,,,,1,1
kidsdem,,,,,,,,,,,,,1,1
kid1age,,,,,,,,,,,,,1,1
kid2age,,,,,,,,,,,,,1,1
kid3age,,,,,,,,,,,,,1,1
kid4age,,,,,,,,,,,,,1,1
kid5age,,,,,,,,,,,,,1,1
kid6age,,,,,,,,,,,,,1,1
rel1age,,,,,,,,,,,,,1,1
rel2age,,,,,,,,,,,,,1,1
rel3age,,,,,,,,,,,,,1,1
rel4age,,,,,,,,,,,,,1,1
rel5age,,,,,,,,,,,,,1,1
rel6age,,,,,,,,,,,,,1,1
pmeds,,,,,,,,,,,,,1,1
pma,,,,,,,,,,,,,1,1
pmas,,,,,,,,,,,,,1,1
pmasu,,,,,,,,,,,,,1,1
pmaf,,,,,,,,,,,,,1,1
pmafu,,,,,,,,,,,,,1,1
pmap,,,,,,,,,,,,,1,1
pmapf,,,,,,,,,,,,,1,1
pmapfu,,,,,,,,,,,,,1,1
pmb,,,,,,,,,,,,,1,1
pmbs,,,,,,,,,,,,,1,1
pmbsu,,,,,,,,,,,,,1,1
pmbf,,,,,,,,,,,,,1,1
pmbfu,,,,,,,,,,,,,1,1
pmbp,,,,,,,,,,,,,1,1
pmbpf,,,,,,,,,,,,,1,1
pmbpfu,,,,,,,,,,,,,1,1
pmc,,,,,,,,,,,,,1,1
pmcs,,,,,,,,,,,,,1,1
pmcsu,,,,,,,,,,,,,1,1
pmcf,,,,,,,,,,,,,1,1
pmcfu,,,,,,,,,,,,,1,1
pmcp,,,,,,,,,,,,,1,1
pmcpf,,,,,,,,,,,,,1,1
pmcpfu,,,,,,,,,,,,,1,1
pmd,,,,,,,,,,,,,1,1
pmds,,,,,,,,,,,,,1,1
pmdsu,,,,,,,,,,,,,1,1
pmdf,,,,,,,,,,,,,1,1
pmdfu,,,,,,,,,,,,,1,1
pmdp,,,,,,,,,,,,,1,1
pmdpf,,,,,,,,,,,,,1,1
pmdpfu,,,,,,,,,,,,,1,1
pme,,,,,,,,,,,,,1,1
pmes,,,,,,,,,,,,,1,1
pmesu,,,,,,,,,,,,,1,1
pmef,,,,,,,,,,,,,1,1
pmefu,,,,,,,,,,,,,1,1
pmep,,,,,,,,,,,,,1,1
pmepf,,,,,,,,,,,,,1,1
pmepfu,,,,,,,,,,,,,1,1
pmf,,,,,,,,,,,,,1,1
pmfs,,,,,,,,,,,,,1,1
pmfsu,,,,,,,,,,,,,1,1
pmff,,,,,,,,,,,,,1,1
pmffu,,,,,,,,,,,,,1,1
pmfp,,,,,,,,,,,,,1,1
pmfpf,,,,,,,,,,,,,1,1
pmfpfu,,,,,,,,,,,,,1,1
pmg,,,,,,,,,,,,,1,1
pmgs,,,,,,,,,,,,,1,1
pmgsu,,,,,,,,,,,,,1,1
pmgf,,,,,,,,,,,,,1,1
pmgfu,,,,,,,,,,,,,1,1
pmgp,,,,,,,,,,,,,1,1
pmgpf,,,,,,,,,,,,,1,1
pmgpfu,,,,,,,,,,,,,1,1
pmh,,,,,,,,,,,,,1,1
pmhs,,,,,,,,,,,,,1,1
pmhsu,,,,,,,,,,,,,1,1
pmhf,,,,,,,,,,,,,1,1
pmhfu,,,,,,,,,,,,,1,1
pmhp,,,,,,,,,,,,,1,1
pmhpf,,,,,,,,,,,,,1,1
pmhpfu,,,,,,,,,,,,,1,1
pmi,,,,,,,,,,,,,1,1
pmis,,,,,,,,,,,,,1,1
pmisu,,,,,,,,,,,,,1,1
pmif,,,,,,,,,,,,,1,1
pmifu,,,,,,,,,,,,,1,1
pmip,,,,,,,,,,,,,1,1
pmipf,,,,,,,,,,,,,1,1
pmipfu,,,,,,,,,,,,,1,1
pmj,,,,,,,,,,,,,1,1
pmjs,,,,,,,,,,,,,1,1
pmjsu,,,,,,,,,,,,,1,1
pmjf,,,,,,,,,,,,,1,1
pmjfu,,,,,,,,,,,,,1,1
pmjp,,,,,,,,,,,,,1,1
pmjpf,,,,,,,,,,,,,1,1
pmjpfu,,,,,,,,,,,,,1,1
pmk,,,,,,,,,,,,,1,1
pmks,,,,,,,,,,,,,1,1
pmksu,,,,,,,,,,,,,1,1
pmkf,,,,,,,,,,,,,1,1
pmkfu,,,,,,,,,,,,,1,1
pmkp,,,,,,,,,,,,,1,1
pmkpf,,,,,,,,,,,,,1,1
pmkpfu,,,,,,,,,,,,,1,1
pml,,,,,,,,,,,,,1,1
pmls,,,,,,,,,,,,,1,1
pmlsu,,,,,,,,,,,,,1,1
pmlf,,,,,,,,,,,,,1,1
pmlfu,,,,,,,,,,,,,1,1
pmlp,,,,,,,,,,,,,1,1
pmlpf,,,,,,,,,,,,,1,1
pmlpfu,,,,,,,,,,,,,1,1
pmm,,,,,,,,,,,,,1,1
pmms,,,,,,,,,,,,,1,1
pmmsu,,,,,,,,,,,,,1,1
pmmf,,,,,,,,,,,,,1,1
pmmfu,,,,,,,,,,,,,1,1
pmmp,,,,,,,,,,,,,1,1
pmmpf,,,,,,,,,,,,,1,1
pmmpfu,,,,,,,,,,,,,1,1
pmn,,,,,,,,,,,,,1,1
pmns,,,,,,,,,,,,,1,1
pmnsu,,,,,,,,,,,,,1,1
pmnf,,,,,,,,,,,,,1,1
pmnfu,,,,,,,,,,,,,1,1
pmnp,,,,,,,,,,,,,1,1
pmnpf,,,,,,,,,,,,,1,1
pmnpfu,,,,,,,,,,,,,1,1
pmo,,,,,,,,,,,,,1,1
pmos,,,,,,,,,,,,,1,1
pmosu,,,,,,,,,,,,,1,1
pmof,,,,,,,,,,,,,1,1
pmofu,,,,,,,,,,,,,1,1
pmop,,,,,,,,,,,,,1,1
pmopf,,,,,,,,,,,,,1,1
pmopfu,,,,,,,,,,,,,1,1
pmp,,,,,,,,,,,,,1,1
pmps,,,,,,,,,,,,,1,1
pmpsu,,,,,,,,,,,,,1,1
pmpf,,,,,,,,,,,,,1,1
pmpfu,,,,,,,,,,,,,1,1
pmpp,,,,,,,,,,,,,1,1
pmppf,,,,,,,,,,,,,1,1
pmppfu,,,,,,,,,,,,,1,1
pmq,,,,,,,,,,,,,1,1
pmqs,,,,,,,,,,,,,1,1
pmqsu,,,,,,,,,,,,,1,1
pmqf,,,,,,,,,,,,,1,1
pmqfu,,,,,,,,,,,,,1,1
pmqp,,,,,,,,,,,,,1,1
pmqpf,,,,,,,,,,,,,1,1
pmqpfu,,,,,,,,,,,,,1,1
pmr,,,,,,,,,,,,,1,1
pmrs,,,,,,,,,,,,,1,1
pmrsu ,,,,,,,,,,,,,1,1
pmrf,,,,,,,,,,,,,1,1
pmrfu,,,,,,,,,,,,,1,1
pmrp,,,,,,,,,,,,,1,1
pmrpf,,,,,,,,,,,,,1,1
pmrpfu,,,,,,,,,,,,,1,1
pms,,,,,,,,,,,,,1,1
pmss,,,,,,,,,,,,,1,1
pmssu,,,,,,,,,,,,,1,1
pmsf,,,,,,,,,,,,,1,1
pmsfu,,,,,,,,,,,,,1,1
pmsp,,,,,,,,,,,,,1,1
pmspf,,,,,,,,,,,,,1,1
pmspfu,,,,,,,,,,,,,1,1
pmt,,,,,,,,,,,,,1,1
pmts,,,,,,,,,,,,,1,1
pmtsu,,,,,,,,,,,,,1,1
pmtf,,,,,,,,,,,,,1,1
pmtfu,,,,,,,,,,,,,1,1
pmtp,,,,,,,,,,,,,1,1
pmtpf,,,,,,,,,,,,,1,1
pmtpfu,,,,,,,,,,,,,1,1
nmeds,,,,,,,,,,,,,1,1
nma,,,,,,,,,,,,,1,1
nmas,,,,,,,,,,,,,1,1
nmasu,,,,,,,,,,,,,1,1
nmaf,,,,,,,,,,,,,1,1
nmafu,,,,,,,,,,,,,1,1
nmb,,,,,,,,,,,,,1,1
nmbs,,,,,,,,,,,,,1,1
nmbsu,,,,,,,,,,,,,1,1
nmbf,,,,,,,,,,,,,1,1
nmbfu,,,,,,,,,,,,,1,1
nmc,,,,,,,,,,,,,1,1
nmcs,,,,,,,,,,,,,1,1
nmcsu,,,,,,,,,,,,,1,1
nmcf,,,,,,,,,,,,,1,1
nmcfu,,,,,,,,,,,,,1,1
nmd,,,,,,,,,,,,,1,1
nmds,,,,,,,,,,,,,1,1
nmdsu,,,,,,,,,,,,,1,1
nmdf,,,,,,,,,,,,,1,1
nmdfu,,,,,,,,,,,,,1,1
nme,,,,,,,,,,,,,1,1
nmes,,,,,,,,,,,,,1,1
nmesu,,,,,,,,,,,,,1,1
nmef,,,,,,,,,,,,,1,1
nmefu,,,,,,,,,,,,,1,1
nmf,,,,,,,,,,,,,1,1
nmfs,,,,,,,,,,,,,1,1
nmfsu,,,,,,,,,,,,,1,1
nmff,,,,,,,,,,,,,1,1
nmffu,,,,,,,,,,,,,1,1
nmg,,,,,,,,,,,,,1,1
nmgs,,,,,,,,,,,,,1,1
nmgsu,,,,,,,,,,,,,1,1
nmgf,,,,,,,,,,,,,1,1
nmgfu,,,,,,,,,,,,,1,1
nmh,,,,,,,,,,,,,1,1
nmhs,,,,,,,,,,,,,1,1
nmhsu,,,,,,,,,,,,,1,1
nmhf,,,,,,,,,,,,,1,1
nmhfu,,,,,,,,,,,,,1,1
nmi,,,,,,,,,,,,,1,1
nmis,,,,,,,,,,,,,1,1
nmisu,,,,,,,,,,,,,1,1
nmif,,,,,,,,,,,,,1,1
nmifu,,,,,,,,,,,,,1,1
nmj,,,,,,,,,,,,,1,1
nmjs,,,,,,,,,,,,,1,1
nmjsu,,,,,,,,,,,,,1,1
nmjf,,,,,,,,,,,,,1,1
nmjfu,,,,,,,,,,,,,1,1
nmk,,,,,,,,,,,,,1,1
nmks,,,,,,,,,,,,,1,1
nmksu,,,,,,,,,,,,,1,1
nmkf,,,,,,,,,,,,,1,1
nmkfu,,,,,,,,,,,,,1,1
nml,,,,,,,,,,,,,1,1
nmls,,,,,,,,,,,,,1,1
nmlsu,,,,,,,,,,,,,1,1
nmlf,,,,,,,,,,,,,1,1
nmlfu,,,,,,,,,,,,,1,1
nmm,,,,,,,,,,,,,1,1
nmms,,,,,,,,,,,,,1,1
nmmsu,,,,,,,,,,,,,1,1
nmmf,,,,,,,,,,,,,1,1
nmmfu,,,,,,,,,,,,,1,1
nmn,,,,,,,,,,,,,1,1
nmns,,,,,,,,,,,,,1,1
nmnsu,,,,,,,,,,,,,1,1
nmnf,,,,,,,,,,,,,1,1
nmnfu,,,,,,,,,,,,,1,1
nmo,,,,,,,,,,,,,1,1
nmos,,,,,,,,,,,,,1,1
nmosu,,,,,,,,,,,,,1,1
nmof,,,,,,,,,,,,,1,1
nmofu,,,,,,,,,,,,,1,1
nmp,,,,,,,,,,,,,1,1
nmps,,,,,,,,,,,,,1,1
nmpsu,,,,,,,,,,,,,1,1
nmpf,,,,,,,,,,,,,1,1
nmpfu,,,,,,,,,,,,,1,1
nmq,,,,,,,,,,,,,1,1
nmqs,,,,,,,,,,,,,1,1
nmqsu,,,,,,,,,,,,,1,1
nmqf,,,,,,,,,,,,,1,1
nmqfu,,,,,,,,,,,,,1,1
nmr,,,,,,,,,,,,,1,1
nmrs,,,,,,,,,,,,,1,1
nmrsu,,,,,,,,,,,,,1,1
nmrf,,,,,,,,,,,,,1,1
nmrfu,,,,,,,,,,,,,1,1
nms,,,,,,,,,,,,,1,1
nmss,,,,,,,,,,,,,1,1
nmssu,,,,,,,,,,,,,1,1
nmsf,,,,,,,,,,,,,1,1
nmsfu,,,,,,,,,,,,,1,1
nmt,,,,,,,,,,,,,1,1
nmts,,,,,,,,,,,,,1,1
nmtsu,,,,,,,,,,,,,1,1
nmtf,,,,,,,,,,,,,1,1
nmtfu,,,,,,,,,,,,,1,1
vitasups,,,,,,,,,,,,,1,1
vsa,,,,,,,,,,,,,1,1
vsas,,,,,,,,,,,,,1,1
vsasu,,,,,,,,,,,,,1,1
vsaf,,,,,,,,,,,,,1,1
vsafu,,,,,,,,,,,,,1,1
vsb,,,,,,,,,,,,,1,1
vsbs,,,,,,,,,,,,,1,1
vsbsu,,,,,,,,,,,,,1,1
vsbf,,,,,,,,,,,,,1,1
vsbfu,,,,,,,,,,,,,1,1
vsc,,,,,,,,,,,,,1,1
vscs,,,,,,,,,,,,,1,1
vscsu,,,,,,,,,,,,,1,1
vscf,,,,,,,,,,,,,1,1
vscfu,,,,,,,,,,,,,1,1
vsd,,,,,,,,,,,,,1,1
vsds,,,,,,,,,,,,,1,1
vsdsu,,,,,,,,,,,,,1,1
vsdf,,,,,,,,,,,,,1,1
vsdfu,,,,,,,,,,,,,1,1
vse,,,,,,,,,,,,,1,1
vses,,,,,,,,,,,,,1,1
vsesu,,,,,,,,,,,,,1,1
vsef,,,,,,,,,,,,,1,1
vsefu,,,,,,,,,,,,,1,1
vsf,,,,,,,,,,,,,1,1
vsfs,,,,,,,,,,,,,1,1
vsfsu,,,,,,,,,,,,,1,1
vsff,,,,,,,,,,,,,1,1
vsffu,,,,,,,,,,,,,1,1
vsg,,,,,,,,,,,,,1,1
vsgs,,,,,,,,,,,,,1,1
vsgsu,,,,,,,,,,,,,1,1
vsgf,,,,,,,,,,,,,1,1
vsgfu,,,,,,,,,,,,,1,1
vsh,,,,,,,,,,,,,1,1
vshs,,,,,,,,,,,,,1,1
vshsu,,,,,,,,,,,,,1,1
vshf,,,,,,,,,,,,,1,1
vshfu,,,,,,,,,,,,,1,1
vsi,,,,,,,,,,,,,1,1
vsis,,,,,,,,,,,,,1,1
vsisu,,,,,,,,,,,,,1,1
vsif,,,,,,,,,,,,,1,1
vsifu,,,,,,,,,,,,,1,1
vsj,,,,,,,,,,,,,1,1
vsjs,,,,,,,,,,,,,1,1
vsjsu,,,,,,,,,,,,,1,1
vsjf,,,,,,,,,,,,,1,1
vsjfu,,,,,,,,,,,,,1,1
vsk,,,,,,,,,,,,,1,1
vsks,,,,,,,,,,,,,1,1
vsksu,,,,,,,,,,,,,1,1
vskf,,,,,,,,,,,,,1,1
vskfu,,,,,,,,,,,,,1,1
vsl,,,,,,,,,,,,,1,1
vsls,,,,,,,,,,,,,1,1
vslsu,,,,,,,,,,,,,1,1
vslf,,,,,,,,,,,,,1,1
vslfu,,,,,,,,,,,,,1,1
vsm,,,,,,,,,,,,,1,1
vsms,,,,,,,,,,,,,1,1
vsmsu,,,,,,,,,,,,,1,1
vsmf,,,,,,,,,,,,,1,1
vsmfu,,,,,,,,,,,,,1,1
vsn,,,,,,,,,,,,,1,1
vsns,,,,,,,,,,,,,1,1
vsnsu,,,,,,,,,,,,,1,1
vsnf,,,,,,,,,,,,,1,1
vsnfu,,,,,,,,,,,,,1,1
vso,,,,,,,,,,,,,1,1
vsos,,,,,,,,,,,,,1,1
vsosu,,,,,,,,,,,,,1,1
vsof,,,,,,,,,,,,,1,1
vsp,,,,,,,,,,,,,1,1
vsps,,,,,,,,,,,,,1,1
vspsu,,,,,,,,,,,,,1,1
vspf,,,,,,,,,,,,,1,1
vspfu,,,,,,,,,,,,,1,1
vsq,,,,,,,,,,,,,1,1
vsqs,,,,,,,,,,,,,1,1
vsqsu,,,,,,,,,,,,,1,1
vsqf,,,,,,,,,,,,,1,1
vsqfu,,,,,,,,,,,,,1,1
vsr,,,,,,,,,,,,,1,1
vsrs,,,,,,,,,,,,,1,1
vsrsu,,,,,,,,,,,,,1,1
vsrf,,,,,,,,,,,,,1,1
vsrfu,,,,,,,,,,,,,1,1
vss,,,,,,,,,,,,,1,1
vsss,,,,,,,,,,,,,1,1
vsssu,,,,,,,,,,,,,1,1
vssf,,,,,,,,,,,,,1,1
vssfu,,,,,,,,,,,,,1,1
vst,,,,,,,,,,,,,1,1
vsts,,,,,,,,,,,,,1,1
vstsu,,,,,,,,,,,,,1,1
vstf,,,,,,,,,,,,,1,1
vstfu,,,,,,,,,,,,,1,1
b9chg,,,,,,,,,,,,,,1
